segment	left	right	count
PA_vRNA	665	1724	3027
PA_vRNA	590	1789	701
PA_vRNA	590	1705	2
PA_vRNA	590	1682	1
PA_vRNA	427	1826	7111
PA_vRNA	427	1811	1
PA_vRNA	427	1828	2
PA_vRNA	427	1963	2
PA_vRNA	427	1921	2
PA_vRNA	592	1758	1221
PA_vRNA	592	1791	2
PA_vRNA	592	1151	2
PA_vRNA	242	2068	41
PA_vRNA	242	1999	981
PA_vRNA	308	1995	1861
PA_vRNA	308	434	111
PA_vRNA	308	1996	1
PA_vRNA	281	2100	4
PA_vRNA	281	1988	1
PA_vRNA	281	2051	3
PA_vRNA	452	1878	675
PA_vRNA	452	1907	1
PA_vRNA	244	2097	46
PA_vRNA	304	2120	558
PA_vRNA	304	1110	1
PA_vRNA	304	1876	1
PA_vRNA	304	2074	1
PA_vRNA	302	2044	226
PA_vRNA	302	2006	2
PA_vRNA	302	2118	1
PA_vRNA	302	394	2
PA_vRNA	330	2012	525
PA_vRNA	330	374	2
PA_vRNA	253	2062	1171
PA_vRNA	253	1871	8
PA_vRNA	253	1990	2
PA_vRNA	237	2091	3730
PA_vRNA	237	2051	8
PA_vRNA	237	2017	11
PA_vRNA	237	2075	3
PA_vRNA	291	2050	499
PA_vRNA	291	356	222
PA_vRNA	291	2027	1
PA_vRNA	291	1963	1
PA_vRNA	291	1934	2
PA_vRNA	224	696	236
PA_vRNA	224	2114	55
PA_vRNA	224	1977	6
PA_vRNA	224	2028	4
PA_vRNA	499	2033	2
PA_vRNA	499	1861	1
PA_vRNA	651	1791	112
PA_vRNA	360	1927	12
PA_vRNA	360	2025	36
PA_vRNA	360	1917	3
PA_vRNA	654	1072	2
PA_vRNA	654	1532	1
PA_vRNA	297	2038	192
PA_vRNA	297	2105	37
PA_vRNA	284	2028	556
PA_vRNA	263	2024	146
PA_vRNA	263	2054	2
PA_vRNA	263	2034	2
PA_vRNA	285	1953	22
PA_vRNA	285	2052	23
PA_vRNA	285	387	1
PA_vRNA	527	1841	14
PA_vRNA	527	1870	2
PA_vRNA	527	1751	1
PA_vRNA	527	1932	1
PA_vRNA	527	1960	2
PA_vRNA	527	1772	1
PA_vRNA	436	1767	2
PA_vRNA	436	1880	1
PA_vRNA	318	2124	64
PA_vRNA	318	2000	2
PA_vRNA	318	2027	3
PA_vRNA	318	1890	2
PA_vRNA	719	1630	8
PA_vRNA	719	1742	2
PA_vRNA	246	1984	7
PA_vRNA	246	1983	2
PA_vRNA	246	2074	2
PA_vRNA	293	1998	104
PA_vRNA	293	2161	2
PA_vRNA	293	2074	2
PA_vRNA	293	1983	6
PA_vRNA	293	2060	1
PA_vRNA	293	1893	2
PA_vRNA	293	2049	1
PA_vRNA	293	1824	2
PA_vRNA	247	1792	270
PA_vRNA	247	2101	2
PA_vRNA	523	1726	4
PA_vRNA	251	2144	10
PA_vRNA	251	2026	2
PA_vRNA	251	1996	5
PA_vRNA	298	1986	179
PA_vRNA	298	1984	2
PA_vRNA	298	1976	2
PA_vRNA	298	1964	2
PA_vRNA	298	2039	1
PA_vRNA	537	1868	2
PA_vRNA	537	1714	2
PA_vRNA	537	1717	2
PA_vRNA	537	1705	2
PA_vRNA	537	1789	1
PA_vRNA	257	1941	80
PA_vRNA	257	2045	3
PA_vRNA	257	2078	2
PA_vRNA	257	1938	8
PA_vRNA	786	857	2
PA_vRNA	786	834	3
PA_vRNA	786	871	3
PA_vRNA	259	2143	4
PA_vRNA	259	2012	1
PA_vRNA	259	1960	1
PA_vRNA	261	2001	2
PA_vRNA	261	2031	7
PA_vRNA	261	2064	2
PA_vRNA	261	2002	2
PA_vRNA	496	2017	98
PA_vRNA	496	2032	1
PA_vRNA	930	1471	1
PA_vRNA	558	2137	28
PA_vRNA	462	1851	2
PA_vRNA	462	1823	1
PA_vRNA	462	1928	2
PA_vRNA	462	1703	1
PA_vRNA	462	1829	2
PA_vRNA	462	1833	1
PA_vRNA	462	1789	1
PA_vRNA	462	1788	1
PA_vRNA	462	530	1
PA_vRNA	462	1748	1
PA_vRNA	396	1917	1
PA_vRNA	396	730	1
PA_vRNA	381	1906	2
PA_vRNA	381	1853	1
PA_vRNA	454	1963	2
PA_vRNA	454	1927	1
PA_vRNA	454	1852	1
PA_vRNA	454	2000	1
PA_vRNA	454	1916	1
PA_vRNA	581	1161	2
PA_vRNA	460	1933	39
PA_vRNA	628	1595	7
PA_vRNA	179	2054	6
PA_vRNA	410	1955	18
PA_vRNA	410	2053	1
PA_vRNA	269	2073	40
PA_vRNA	269	1951	5
PA_vRNA	269	2090	4
PA_vRNA	543	1824	4
PA_vRNA	543	1761	2
PA_vRNA	543	1802	3
PA_vRNA	543	1678	1
PA_vRNA	543	1799	1
PA_vRNA	420	1984	10
PA_vRNA	404	1875	12
PA_vRNA	287	1964	10
PA_vRNA	287	2039	2
PA_vRNA	266	2025	2
PA_vRNA	266	2052	19
PA_vRNA	266	1880	2
PA_vRNA	1585	1757	1
PA_vRNA	329	2006	3
PA_vRNA	329	2022	2
PA_vRNA	329	557	4
PA_vRNA	335	1767	10
PA_vRNA	335	1895	37
PA_vRNA	335	1951	2
PA_vRNA	335	1921	6
PA_vRNA	335	1892	1
PA_vRNA	425	1825	1
PA_vRNA	425	930	6
PA_vRNA	425	480	3
PA_vRNA	386	1959	23
PA_vRNA	476	1889	83
PA_vRNA	774	1384	1
PA_vRNA	708	1675	4
PA_vRNA	708	752	2
PA_vRNA	708	1976	1
PA_vRNA	708	1548	2
PA_vRNA	517	1866	2
PA_vRNA	434	1904	23
PA_vRNA	434	1963	13
PA_vRNA	434	1869	6
PA_vRNA	434	1905	1
PA_vRNA	757	1478	3
PA_vRNA	692	1650	2
PA_vRNA	692	1684	2
PA_vRNA	331	2085	30
PA_vRNA	331	2013	1
PA_vRNA	1149	1769	2
PA_vRNA	741	905	1
PA_vRNA	1037	1241	2
PA_vRNA	568	1772	20
PA_vRNA	568	1713	2
PA_vRNA	568	1152	6
PA_vRNA	568	1658	1
PA_vRNA	568	1151	2
PA_vRNA	538	1719	14
PA_vRNA	538	1823	16
PA_vRNA	538	1797	4
PA_vRNA	538	643	2
PA_vRNA	538	1825	2
PA_vRNA	262	2098	7
PA_vRNA	262	2053	3
PA_vRNA	262	2058	2
PA_vRNA	350	1987	34
PA_vRNA	350	1933	4
PA_vRNA	350	1882	2
PA_vRNA	350	1991	2
PA_vRNA	350	1915	4
PA_vRNA	350	1810	2
PA_vRNA	350	1887	4
PA_vRNA	350	2018	2
PA_vRNA	258	2052	64
PA_vRNA	258	2054	2
PA_vRNA	258	2088	2
PA_vRNA	453	1831	9
PA_vRNA	453	1900	9
PA_vRNA	453	2029	1
PA_vRNA	453	1833	2
PA_vRNA	453	1871	1
PA_vRNA	453	1970	2
PA_vRNA	453	1939	1
PA_vRNA	312	2058	2
PA_vRNA	312	2128	4
PA_vRNA	312	1963	3
PA_vRNA	312	1999	1
PA_vRNA	524	1738	2
PA_vRNA	524	1785	1
PA_vRNA	524	1868	2
PA_vRNA	524	1741	1
PA_vRNA	524	1873	1
PA_vRNA	524	1810	1
PA_vRNA	385	1819	2
PA_vRNA	385	1965	1
PA_vRNA	385	1863	2
PA_vRNA	479	1919	166
PA_vRNA	479	1929	2
PA_vRNA	479	1802	1
PA_vRNA	479	1988	2
PA_vRNA	575	1159	10
PA_vRNA	575	1926	4
PA_vRNA	575	1772	1
PA_vRNA	575	1909	2
PA_vRNA	241	1988	25
PA_vRNA	241	478	2
PA_vRNA	554	1678	4
PA_vRNA	362	1964	19
PA_vRNA	362	1970	9
PA_vRNA	362	2028	3
PA_vRNA	362	1947	1
PA_vRNA	249	2073	1
PA_vRNA	249	2063	4
PA_vRNA	249	2032	1
PA_vRNA	249	1977	4
PA_vRNA	249	1966	2
PA_vRNA	106	2067	2
PA_vRNA	429	1859	3
PA_vRNA	429	1986	2
PA_vRNA	1096	1837	2
PA_vRNA	450	1885	15
PA_vRNA	450	2006	1
PA_vRNA	656	1726	1
PA_vRNA	656	1584	1
PA_vRNA	656	1680	2
PA_vRNA	470	1776	32
PA_vRNA	470	1884	14
PA_vRNA	470	1805	10
PA_vRNA	470	1999	2
PA_vRNA	584	1823	2
PA_vRNA	349	2016	2
PA_vRNA	349	1659	1
PA_vRNA	334	1785	2
PA_vRNA	334	1905	5
PA_vRNA	334	2016	2
PA_vRNA	334	2050	2
PA_vRNA	334	2020	2
PA_vRNA	334	1965	2
PA_vRNA	334	1916	2
PA_vRNA	334	1841	1
PA_vRNA	511	1931	2
PA_vRNA	511	1804	3
PA_vRNA	511	1845	2
PA_vRNA	511	1832	3
PA_vRNA	511	1865	2
PA_vRNA	511	1833	1
PA_vRNA	511	1876	3
PA_vRNA	1714	2148	2
PA_vRNA	657	1704	8
PA_vRNA	634	1818	2
PA_vRNA	634	1723	7
PA_vRNA	306	1972	8
PA_vRNA	376	2002	4
PA_vRNA	376	1918	2
PA_vRNA	376	2004	2
PA_vRNA	376	1732	2
PA_vRNA	738	1766	2
PA_vRNA	738	1539	2
PA_vRNA	480	1976	4
PA_vRNA	321	2031	26
PA_vRNA	321	1937	3
PA_vRNA	321	404	1
PA_vRNA	433	888	1
PA_vRNA	433	1880	1
PA_vRNA	433	599	1
PA_vRNA	433	1841	1
PA_vRNA	485	1917	1
PA_vRNA	485	1585	2
PA_vRNA	485	2005	3
PA_vRNA	485	1962	2
PA_vRNA	485	1751	1
PA_vRNA	485	1670	1
PA_vRNA	485	1966	1
PA_vRNA	124	471	2
PA_vRNA	124	234	2
PA_vRNA	236	2069	7
PA_vRNA	236	2108	2
PA_vRNA	529	2030	2
PA_vRNA	276	2049	6
PA_vRNA	276	1978	1
PA_vRNA	322	1982	3
PA_vRNA	441	2060	2
PA_vRNA	441	1941	1
PA_vRNA	645	1106	1
PA_vRNA	645	675	2
PA_vRNA	939	1345	1
PA_vRNA	445	1895	10
PA_vRNA	445	1928	4
PA_vRNA	445	1880	1
PA_vRNA	117	179	11
PA_vRNA	346	1965	7
PA_vRNA	346	2064	2
PA_vRNA	512	1960	7
PA_vRNA	512	1815	4
PA_vRNA	391	2011	4
PA_vRNA	391	1977	2
PA_vRNA	391	1966	23
PA_vRNA	391	1933	1
PA_vRNA	240	2102	2
PA_vRNA	487	1880	2
PA_vRNA	487	1842	1
PA_vRNA	698	1653	2
PA_vRNA	698	900	1
PA_vRNA	698	1585	1
PA_vRNA	159	1973	7
PA_vRNA	783	859	2
PA_vRNA	422	1932	2
PA_vRNA	367	2147	4
PA_vRNA	367	1979	2
PA_vRNA	815	1666	1
PA_vRNA	172	2074	8
PA_vRNA	172	2105	2
PA_vRNA	383	1894	2
PA_vRNA	303	2053	2
PA_vRNA	277	2052	2
PA_vRNA	277	2142	2
PA_vRNA	286	2048	6
PA_vRNA	286	2043	2
PA_vRNA	286	2022	1
PA_vRNA	419	1931	2
PA_vRNA	419	1944	2
PA_vRNA	419	1960	2
PA_vRNA	264	1933	2
PA_vRNA	264	2035	9
PA_vRNA	691	1815	1
PA_vRNA	715	1430	2
PA_vRNA	715	1624	2
PA_vRNA	1165	1837	3
PA_vRNA	283	2025	18
PA_vRNA	292	2075	2
PA_vRNA	292	1940	2
PA_vRNA	292	2103	2
PA_vRNA	292	2062	1
PA_vRNA	504	1439	2
PA_vRNA	504	1956	1
PA_vRNA	504	2156	2
PA_vRNA	409	1873	3
PA_vRNA	409	2044	1
PA_vRNA	409	2020	2
PA_vRNA	409	1844	1
PA_vRNA	355	1984	2
PA_vRNA	316	2023	6
PA_vRNA	316	2123	3
PA_vRNA	316	1779	2
PA_vRNA	690	1022	7
PA_vRNA	690	1131	4
PA_vRNA	544	1771	2
PA_vRNA	1045	1600	11
PA_vRNA	389	1947	3
PA_vRNA	389	1869	2
PA_vRNA	389	1905	2
PA_vRNA	294	2052	6
PA_vRNA	294	2002	1
PA_vRNA	1802	1928	2
PA_vRNA	394	1947	7
PA_vRNA	394	422	1
PA_vRNA	394	1909	2
PA_vRNA	394	2016	1
PA_vRNA	394	1927	1
PA_vRNA	510	1860	2
PA_vRNA	510	1934	1
PA_vRNA	407	1945	2
PA_vRNA	407	2078	1
PA_vRNA	407	1825	1
PA_vRNA	407	1818	1
PA_vRNA	1131	1608	3
PA_vRNA	1969	2045	2
PA_vRNA	805	1851	1
PA_vRNA	960	1357	2
PA_vRNA	171	1352	2
PA_vRNA	171	1642	2
PA_vRNA	619	1656	1
PA_vRNA	702	1704	8
PA_vRNA	250	2056	3
PA_vRNA	492	1885	2
PA_vRNA	492	1802	2
PA_vRNA	492	1767	3
PA_vRNA	491	1939	2
PA_vRNA	491	1866	4
PA_vRNA	491	2029	2
PA_vRNA	491	1883	3
PA_vRNA	491	1823	1
PA_vRNA	931	1837	1
PA_vRNA	443	1975	2
PA_vRNA	443	1999	2
PA_vRNA	317	2041	3
PA_vRNA	317	1960	2
PA_vRNA	1012	1597	2
PA_vRNA	430	1934	10
PA_vRNA	430	1944	2
PA_vRNA	333	1890	2
PA_vRNA	333	2045	2
PA_vRNA	333	1961	1
PA_vRNA	369	2075	9
PA_vRNA	369	2054	2
PA_vRNA	265	1983	2
PA_vRNA	265	2053	4
PA_vRNA	265	2095	2
PA_vRNA	265	292	1
PA_vRNA	196	2104	4
PA_vRNA	1175	1711	2
PA_vRNA	469	1968	8
PA_vRNA	469	1934	2
PA_vRNA	221	1964	2
PA_vRNA	221	693	2
PA_vRNA	1526	1599	2
PA_vRNA	1803	1824	1
PA_vRNA	570	1824	2
PA_vRNA	315	329	4
PA_vRNA	315	2082	2
PA_vRNA	1447	1664	4
PA_vRNA	1170	1489	1
PA_vRNA	238	1970	2
PA_vRNA	486	1860	6
PA_vRNA	486	2141	2
PA_vRNA	486	1883	1
PA_vRNA	1054	1701	2
PA_vRNA	1633	1673	1
PA_vRNA	1426	1812	1
PA_vRNA	1223	2146	6
PA_vRNA	428	1827	2
PA_vRNA	428	1034	2
PA_vRNA	428	1894	2
PA_vRNA	620	1701	1
PA_vRNA	620	1718	1
PA_vRNA	1601	2083	2
PA_vRNA	243	2000	2
PA_vRNA	226	2107	2
PA_vRNA	712	1640	1
PA_vRNA	718	1595	2
PA_vRNA	525	1759	2
PA_vRNA	525	1866	2
PA_vRNA	525	2034	1
PA_vRNA	525	1916	2
PA_vRNA	296	1984	3
PA_vRNA	296	1934	4
PA_vRNA	296	334	2
PA_vRNA	296	656	2
PA_vRNA	256	2058	6
PA_vRNA	256	2033	6
PA_vRNA	319	2012	2
PA_vRNA	273	2046	2
PA_vRNA	273	308	1
PA_vRNA	647	1689	2
PA_vRNA	856	1216	1
PA_vRNA	351	1974	2
PA_vRNA	351	1886	1
PA_vRNA	351	1938	2
PA_vRNA	351	2047	1
PA_vRNA	679	1526	1
PA_vRNA	431	1973	1
PA_vRNA	431	1849	2
PA_vRNA	245	1581	2
PA_vRNA	245	2041	7
PA_vRNA	245	924	2
PA_vRNA	245	887	1
PA_vRNA	245	2064	2
PA_vRNA	539	1849	16
PA_vRNA	593	1884	4
PA_vRNA	1122	1974	1
PA_vRNA	884	2145	2
PA_vRNA	373	1128	2
PA_vRNA	790	1642	1
PA_vRNA	790	2199	1
PA_vRNA	418	1882	3
PA_vRNA	418	1903	1
PA_vRNA	633	1641	2
PA_vRNA	633	1807	3
PA_vRNA	633	1697	2
PA_vRNA	1142	1457	3
PA_vRNA	1142	1733	3
PA_vRNA	423	1997	2
PA_vRNA	423	1549	2
PA_vRNA	733	769	1
PA_vRNA	733	1011	1
PA_vRNA	270	2089	2
PA_vRNA	1202	1237	2
PA_vRNA	1418	1694	1
PA_vRNA	254	2063	2
PA_vRNA	254	1935	1
PA_vRNA	210	2105	3
PA_vRNA	210	1998	2
PA_vRNA	307	1876	2
PA_vRNA	307	1994	1
PA_vRNA	307	1938	2
PA_vRNA	288	1090	3
PA_vRNA	235	1978	2
PA_vRNA	235	2089	3
PA_vRNA	235	2033	5
PA_vRNA	235	2091	2
PA_vRNA	301	2061	2
PA_vRNA	497	1771	2
PA_vRNA	497	1994	2
PA_vRNA	289	2049	5
PA_vRNA	372	1980	2
PA_vRNA	195	2077	2
PA_vRNA	195	1937	2
PA_vRNA	368	1973	7
PA_vRNA	378	1871	3
PA_vRNA	758	1696	22
PA_vRNA	271	2006	5
PA_vRNA	704	1643	2
PA_vRNA	704	876	2
PA_vRNA	1729	1801	1
PA_vRNA	830	1575	2
PA_vRNA	379	1954	4
PA_vRNA	600	1763	3
PA_vRNA	600	1756	1
PA_vRNA	1594	1670	1
PA_vRNA	365	1764	2
PA_vRNA	272	2000	2
PA_vRNA	272	1926	2
PA_vRNA	282	2051	5
PA_vRNA	282	2044	2
PA_vRNA	282	2089	3
PA_vRNA	282	2026	1
PA_vRNA	526	1811	2
PA_vRNA	526	1823	1
PA_vRNA	526	1790	2
PA_vRNA	526	1878	2
PA_vRNA	526	1691	1
PA_vRNA	526	1791	1
PA_vRNA	564	1897	2
PA_vRNA	564	1798	2
PA_vRNA	653	1674	1
PA_vRNA	305	1960	1
PA_vRNA	366	1990	2
PA_vRNA	366	1994	1
PA_vRNA	295	2056	1
PA_vRNA	643	1870	1
PA_vRNA	643	1093	2
PA_vRNA	446	1841	1
PA_vRNA	446	1884	1
PA_vRNA	446	1933	1
PA_vRNA	173	1508	2
PA_vRNA	494	1549	2
PA_vRNA	494	1816	2
PA_vRNA	494	512	2
PA_vRNA	494	1780	1
PA_vRNA	603	712	1
PA_vRNA	603	1640	1
PA_vRNA	603	1772	1
PA_vRNA	1387	1416	1
PA_vRNA	1387	1412	1
PA_vRNA	471	1851	4
PA_vRNA	388	1917	2
PA_vRNA	354	2006	3
PA_vRNA	1130	1872	2
PA_vRNA	1231	1585	1
PA_vRNA	1899	2052	1
PA_vRNA	1899	1948	1
PA_vRNA	521	1606	3
PA_vRNA	174	2124	5
PA_vRNA	508	1826	1
PA_vRNA	508	1871	2
PA_vRNA	508	1845	1
PA_vRNA	508	1941	2
PA_vRNA	122	168	2
PA_vRNA	239	2051	8
PA_vRNA	239	2093	2
PA_vRNA	1473	1770	2
PA_vRNA	1916	2040	2
PA_vRNA	1259	1835	5
PA_vRNA	299	1931	2
PA_vRNA	299	2110	1
PA_vRNA	624	1742	2
PA_vRNA	624	1671	3
PA_vRNA	588	1760	1
PA_vRNA	477	1265	2
PA_vRNA	169	2105	2
PA_vRNA	677	885	1
PA_vRNA	1004	1572	7
PA_vRNA	1340	1713	2
PA_vRNA	580	1826	2
PA_vRNA	1358	1397	1
PA_vRNA	408	1957	5
PA_vRNA	408	1932	2
PA_vRNA	408	1930	1
PA_vRNA	1002	1929	2
PA_vRNA	328	2097	3
PA_vRNA	328	2089	2
PA_vRNA	1507	1647	1
PA_vRNA	760	1498	2
PA_vRNA	495	1842	3
PA_vRNA	495	1863	2
PA_vRNA	495	1760	2
PA_vRNA	495	1919	1
PA_vRNA	495	2017	2
PA_vRNA	1492	1665	1
PA_vRNA	442	1942	17
PA_vRNA	442	1856	1
PA_vRNA	442	1991	1
PA_vRNA	566	1664	1
PA_vRNA	566	1726	4
PA_vRNA	2188	2197	2
PA_vRNA	1532	1719	1
PA_vRNA	578	660	1
PA_vRNA	157	1708	2
PA_vRNA	490	1782	2
PA_vRNA	840	1682	2
PA_vRNA	352	1953	2
PA_vRNA	234	1915	2
PA_vRNA	405	953	2
PA_vRNA	435	1929	1
PA_vRNA	591	1721	4
PA_vRNA	591	1922	3
PA_vRNA	591	1709	1
PA_vRNA	260	302	1
PA_vRNA	683	1681	3
PA_vRNA	268	2053	2
PA_vRNA	268	2011	4
PA_vRNA	268	1824	4
PA_vRNA	268	2003	2
PA_vRNA	268	1961	1
PA_vRNA	1224	1278	2
PA_vRNA	567	1758	1
PA_vRNA	838	1534	2
PA_vRNA	838	1114	1
PA_vRNA	1350	1436	2
PA_vRNA	572	1760	2
PA_vRNA	595	1192	2
PA_vRNA	320	1974	3
PA_vRNA	320	1942	2
PA_vRNA	320	1998	1
PA_vRNA	320	2104	2
PA_vRNA	636	1644	1
PA_vRNA	636	2183	1
PA_vRNA	370	1999	3
PA_vRNA	397	1842	2
PA_vRNA	397	2144	2
PA_vRNA	573	1160	1
PA_vRNA	573	1166	1
PA_vRNA	229	2063	6
PA_vRNA	1780	1944	1
PA_vRNA	310	2064	2
PA_vRNA	1172	1948	2
PA_vRNA	556	1859	3
PA_vRNA	556	1958	2
PA_vRNA	472	1869	1
PA_vRNA	1196	1607	1
PA_vRNA	587	1385	2
PA_vRNA	723	1701	2
PA_vRNA	309	2029	2
PA_vRNA	309	1996	3
PA_vRNA	1013	1169	1
PA_vRNA	218	1865	5
PA_vRNA	61	1007	2
PA_vRNA	180	2107	2
PA_vRNA	727	1554	1
PA_vRNA	252	2074	2
PA_vRNA	252	2055	2
PA_vRNA	252	2061	2
PA_vRNA	374	1949	2
PA_vRNA	374	2096	2
PA_vRNA	814	1604	2
PA_vRNA	814	841	2
PA_vRNA	1957	2052	1
PA_vRNA	885	965	1
PA_vRNA	763	1548	1
PA_vRNA	680	1651	1
PA_vRNA	516	2096	2
PA_vRNA	516	1161	2
PA_vRNA	1607	1719	4
PA_vRNA	1221	1846	2
PA_vRNA	858	1553	1
PA_vRNA	202	2109	2
PA_vRNA	505	836	2
PA_vRNA	787	866	4
PA_vRNA	787	863	2
PA_vRNA	596	1260	1
PA_vRNA	101	217	4
PA_vRNA	109	806	2
PA_vRNA	390	2033	2
PA_vRNA	390	2013	3
PA_vRNA	599	1158	5
PA_vRNA	406	1833	1
PA_vRNA	406	1872	3
PA_vRNA	406	1986	2
PA_vRNA	601	1649	2
PA_vRNA	607	1686	1
PA_vRNA	1057	1603	1
PA_vRNA	1169	1338	1
PA_vRNA	204	1825	2
PA_vRNA	412	686	1
PA_vRNA	444	980	2
PA_vRNA	1319	1533	1
PA_vRNA	1073	1786	3
PA_vRNA	313	1948	1
PA_vRNA	211	2076	2
PA_vRNA	2019	2068	3
PA_vRNA	705	1598	2
PA_vRNA	380	1958	3
PA_vRNA	380	528	2
PA_vRNA	380	1826	1
PA_vRNA	300	2014	2
PA_vRNA	311	1963	2
PA_vRNA	1267	1431	2
PA_vRNA	869	1661	5
PA_vRNA	676	1648	2
PA_vRNA	348	1935	1
PA_vRNA	348	2046	1
PA_vRNA	184	1817	2
PA_vRNA	99	2074	2
PA_vRNA	415	1889	6
PA_vRNA	415	1930	1
PA_vRNA	148	1585	4
PA_vRNA	424	1880	1
PA_vRNA	424	1823	1
PA_vRNA	424	908	2
PA_vRNA	1162	1668	2
PA_vRNA	1162	1274	1
PA_vRNA	739	1539	3
PA_vRNA	724	843	2
PA_vRNA	228	2021	2
PA_vRNA	614	1920	2
PA_vRNA	384	1965	2
PA_vRNA	1694	1733	2
PA_vRNA	375	1985	2
PA_vRNA	585	1596	2
PA_vRNA	585	1597	1
PA_vRNA	598	1166	2
PA_vRNA	208	1764	2
PA_vRNA	208	258	2
PA_vRNA	522	1812	1
PA_vRNA	906	1348	2
PA_vRNA	343	416	1
PA_vRNA	278	2090	2
PA_vRNA	325	516	2
PA_vRNA	561	1824	2
PA_vRNA	561	1823	2
PA_vRNA	561	1854	1
PA_vRNA	965	1440	1
PA_vRNA	1236	1829	2
PA_vRNA	377	415	2
PA_vRNA	670	1644	1
PA_vRNA	114	175	3
PA_vRNA	467	2002	2
PA_vRNA	667	1614	1
PA_vRNA	664	1714	1
PA_vRNA	809	832	3
PA_vRNA	809	839	2
PA_vRNA	1105	2095	1
PA_vRNA	1102	1232	1
PA_vRNA	483	1876	2
PA_vRNA	483	1893	2
PA_vRNA	694	856	2
PA_vRNA	215	2123	2
PA_vRNA	1039	1080	1
PA_vRNA	707	1590	4
PA_vRNA	1081	1814	3
PA_vRNA	737	1597	1
PA_vRNA	737	1678	1
PA_vRNA	455	1329	4
PA_vRNA	358	2075	2
PA_vRNA	812	1557	1
PA_vRNA	488	2011	2
PA_vRNA	488	1882	1
PA_vRNA	212	2024	2
PA_vRNA	447	1820	2
PA_vRNA	152	1135	2
PA_vRNA	416	2053	2
PA_vRNA	416	1841	1
PA_vRNA	625	1331	2
PA_vRNA	625	1870	2
PA_vRNA	557	1955	1
PA_vRNA	557	1662	1
PA_vRNA	622	1761	3
PA_vRNA	710	1849	2
PA_vRNA	481	1816	2
PA_vRNA	481	1911	2
PA_vRNA	402	1995	4
PA_vRNA	402	1333	1
PA_vRNA	560	1547	2
PA_vRNA	1074	1407	1
PA_vRNA	339	1924	2
PA_vRNA	209	2054	2
PA_vRNA	672	1894	2
PA_vRNA	401	2138	2
PA_vRNA	60	884	1
PA_vRNA	1645	2057	1
PA_vRNA	255	2037	2
PA_vRNA	507	1834	2
PA_vRNA	507	1880	2
PA_vRNA	432	1870	1
PA_vRNA	432	2178	1
PA_vRNA	411	1653	2
PA_vRNA	411	2001	1
PA_vRNA	411	1957	1
PA_vRNA	1384	1439	1
PA_vRNA	822	1614	2
PA_vRNA	178	2148	2
PA_vRNA	618	685	2
PA_vRNA	1335	1597	1
PA_vRNA	548	1633	1
PA_vRNA	934	1501	1
PA_vRNA	934	1595	1
PA_vRNA	695	1612	1
PA_vRNA	695	1733	1
PA_vRNA	353	1893	2
PA_vRNA	791	1400	3
PA_vRNA	605	1720	1
PA_vRNA	594	1717	3
PA_vRNA	1084	1133	1
PA_vRNA	142	1337	1
PA_vRNA	606	1715	2
PA_vRNA	678	1733	5
PA_vRNA	439	2052	1
PA_vRNA	439	1991	1
PA_vRNA	1090	1748	2
PA_vRNA	414	1980	2
PA_vRNA	623	1757	1
PA_vRNA	280	2049	1
PA_vRNA	356	1953	1
PA_vRNA	356	1597	1
PA_vRNA	347	2116	2
PA_vRNA	233	1974	2
PA_vRNA	233	2083	2
PA_vRNA	1234	1417	2
PA_vRNA	562	1705	1
PA_vRNA	666	1539	2
PA_vRNA	361	1996	1
PA_vRNA	361	1928	1
PA_vRNA	393	2034	1
PA_vRNA	818	1704	2
PA_vRNA	519	1740	2
PA_vRNA	629	1654	2
PA_vRNA	1618	1969	2
PA_vRNA	1199	1720	1
PA_vRNA	395	1944	2
PA_vRNA	395	1983	1
PA_vRNA	108	177	2
PA_vRNA	726	2015	2
PA_vRNA	878	980	2
PA_vRNA	68	1610	1
PA_vRNA	1036	1806	1
PA_vRNA	627	1944	1
PA_vRNA	673	1703	1
PA_vRNA	734	926	1
PA_vRNA	1355	1398	1
PA_vRNA	160	2087	2
PA_vRNA	777	1882	2
PA_vRNA	668	1651	2
PA_vRNA	648	1685	1
PA_vRNA	713	1525	2
PA_vRNA	1260	1840	2
PA_vRNA	1260	1586	1
PA_vRNA	501	1829	1
PA_vRNA	456	1831	1
PA_vRNA	456	1975	1
PA_vRNA	662	1760	1
PA_vRNA	891	1282	1
PA_vRNA	886	1017	1
PA_vRNA	886	1610	1
PA_vRNA	871	1613	2
PA_vRNA	842	1430	1
PA_vRNA	1146	1575	1
PA_vRNA	701	1656	2
PA_vRNA	750	1576	1
PA_vRNA	750	896	1
PA_vRNA	663	1722	2
PA_vRNA	1048	2015	1
PA_vRNA	833	924	1
PA_vRNA	789	1490	1
PA_vRNA	808	869	1
PA_vRNA	1629	1663	1
PA_vRNA	793	1542	1
PA_vRNA	646	1758	1
PA_vRNA	1132	1720	1
PA_vRNA	77	253	1
PA_vRNA	703	1611	2
PA_vRNA	1918	1944	1
PA_vRNA	475	1857	1
PA_vRNA	631	1731	1
PA_vRNA	1250	1582	1
PA_vRNA	807	1419	1
PA_vRNA	1860	1894	1
PA_vRNA	582	1168	1
PA_vRNA	327	2009	1
PA_vRNA	1264	1398	1
PA_vRNA	518	590	1
PA_vRNA	1458	1717	1
PA_vRNA	279	2020	1
PA_vRNA	103	604	1
PA_vRNA	359	1920	1
PA_vRNA	1089	2016	1
PA_vRNA	1277	2091	1
PA_vRNA	1435	1642	1
PA_vRNA	889	985	1
PA_vRNA	776	1549	1
PA_vRNA	1258	1842	1
PA_vRNA	371	1834	1
PA_vRNA	541	1943	1
PA_vRNA	720	1596	1
PA_vRNA	102	291	1
PA_vRNA	533	1987	1
PA_vRNA	1058	1251	1
PA_vRNA	63	1031	2
PA_vRNA	686	698	1
PA_vRNA	697	1654	1
PA_vRNA	855	1542	1
PA_vRNA	987	1165	1
PA_vRNA	345	1982	1
PA_vRNA	772	1422	1
PA_vRNA	586	1730	1
PA_vRNA	583	1836	1
PA_vRNA	675	1394	1
PA_vRNA	489	1772	1
PA_vRNA	602	1596	1
PA_vRNA	1101	1644	1
PA_vRNA	474	823	1
PA_vRNA	205	997	1
PA_vRNA	1240	1696	1
PA_vRNA	110	170	1
PA_vRNA	230	1932	1
PA_vRNA	1135	1593	1
PA_vRNA	1881	1922	1
PA_vRNA	565	1148	1
PA_vRNA	746	780	1
PB2_vRNA	789	2187	1375
PB2_vRNA	208	2150	5123
PB2_vRNA	208	1404	2
PB2_vRNA	312	2041	4
PB2_vRNA	312	1975	4
PB2_vRNA	312	2099	2
PB2_vRNA	312	2145	2
PB2_vRNA	273	2220	475
PB2_vRNA	452	1954	21
PB2_vRNA	452	1976	1
PB2_vRNA	452	2067	2
PB2_vRNA	452	1896	1
PB2_vRNA	741	1783	20
PB2_vRNA	181	2186	4
PB2_vRNA	292	2024	732
PB2_vRNA	443	1942	1173
PB2_vRNA	1010	1252	5
PB2_vRNA	2211	2247	554
PB2_vRNA	511	1830	346
PB2_vRNA	511	2037	2
PB2_vRNA	511	846	2
PB2_vRNA	309	2069	2174
PB2_vRNA	309	2135	3
PB2_vRNA	423	2062	2
PB2_vRNA	423	2023	2
PB2_vRNA	510	595	2
PB2_vRNA	510	1938	2
PB2_vRNA	510	2106	2
PB2_vRNA	510	1829	4
PB2_vRNA	510	2000	6
PB2_vRNA	510	1748	1
PB2_vRNA	510	2007	1
PB2_vRNA	277	2132	1
PB2_vRNA	277	2015	524
PB2_vRNA	608	1893	1
PB2_vRNA	608	1830	1
PB2_vRNA	199	2163	8
PB2_vRNA	268	2241	107
PB2_vRNA	268	2126	25
PB2_vRNA	268	2075	5
PB2_vRNA	268	2137	1
PB2_vRNA	268	2108	2
PB2_vRNA	562	1867	2
PB2_vRNA	562	1916	1
PB2_vRNA	140	2101	2
PB2_vRNA	140	1987	4
PB2_vRNA	1430	2249	130
PB2_vRNA	1430	2250	3
PB2_vRNA	206	2154	1686
PB2_vRNA	217	287	91
PB2_vRNA	390	2028	1
PB2_vRNA	390	2107	13
PB2_vRNA	390	2069	2
PB2_vRNA	390	2049	2
PB2_vRNA	390	2003	1
PB2_vRNA	390	2001	1
PB2_vRNA	389	1956	111
PB2_vRNA	389	2015	2
PB2_vRNA	389	2107	2
PB2_vRNA	389	2011	1
PB2_vRNA	389	2142	2
PB2_vRNA	389	1955	2
PB2_vRNA	389	2037	2
PB2_vRNA	389	2060	1
PB2_vRNA	389	2036	2
PB2_vRNA	389	2014	1
PB2_vRNA	389	1952	2
PB2_vRNA	389	2055	2
PB2_vRNA	389	2066	1
PB2_vRNA	283	2102	113
PB2_vRNA	283	2166	5
PB2_vRNA	283	2115	4
PB2_vRNA	283	2148	2
PB2_vRNA	456	1937	8
PB2_vRNA	456	1977	2
PB2_vRNA	456	2006	2
PB2_vRNA	456	2026	2
PB2_vRNA	246	2153	40
PB2_vRNA	246	2182	1
PB2_vRNA	321	2083	9
PB2_vRNA	321	2084	2
PB2_vRNA	558	1837	40
PB2_vRNA	687	1830	267
PB2_vRNA	409	2063	2
PB2_vRNA	409	2085	2
PB2_vRNA	409	2043	2
PB2_vRNA	409	2013	1
PB2_vRNA	279	2152	137
PB2_vRNA	279	1988	3
PB2_vRNA	537	1782	93
PB2_vRNA	537	1118	2
PB2_vRNA	516	1866	151
PB2_vRNA	516	1918	7
PB2_vRNA	516	2151	1
PB2_vRNA	516	1975	2
PB2_vRNA	516	912	1
PB2_vRNA	341	2142	438
PB2_vRNA	341	2065	2
PB2_vRNA	655	1783	2
PB2_vRNA	655	1926	1
PB2_vRNA	655	1912	1
PB2_vRNA	655	1905	3
PB2_vRNA	493	1933	34
PB2_vRNA	354	2086	6
PB2_vRNA	354	2107	1
PB2_vRNA	550	1887	2
PB2_vRNA	550	1858	2
PB2_vRNA	550	1853	1
PB2_vRNA	323	1982	13
PB2_vRNA	408	2010	5
PB2_vRNA	408	2103	10
PB2_vRNA	408	2024	2
PB2_vRNA	343	2232	4
PB2_vRNA	343	1986	2
PB2_vRNA	343	2015	1
PB2_vRNA	500	2019	148
PB2_vRNA	216	2182	26
PB2_vRNA	216	2152	2
PB2_vRNA	216	2166	10
PB2_vRNA	216	2184	2
PB2_vRNA	216	2172	4
PB2_vRNA	488	2008	1
PB2_vRNA	488	2152	1
PB2_vRNA	488	2147	2
PB2_vRNA	451	1862	1
PB2_vRNA	517	542	2
PB2_vRNA	154	2121	14
PB2_vRNA	154	2173	2
PB2_vRNA	584	1848	99
PB2_vRNA	584	1786	2
PB2_vRNA	584	2103	1
PB2_vRNA	584	1835	1
PB2_vRNA	744	2059	3
PB2_vRNA	339	2049	4
PB2_vRNA	339	2184	2
PB2_vRNA	507	1866	65
PB2_vRNA	507	1911	2
PB2_vRNA	596	1851	3
PB2_vRNA	596	1831	1
PB2_vRNA	267	2098	88
PB2_vRNA	267	2181	42
PB2_vRNA	267	2150	2
PB2_vRNA	267	2145	2
PB2_vRNA	267	2152	2
PB2_vRNA	267	2174	2
PB2_vRNA	457	2007	23
PB2_vRNA	457	1969	2
PB2_vRNA	457	2010	5
PB2_vRNA	141	206	2
PB2_vRNA	329	2029	3
PB2_vRNA	329	2227	2
PB2_vRNA	329	2065	1
PB2_vRNA	291	2128	48
PB2_vRNA	291	2153	1
PB2_vRNA	475	1861	5
PB2_vRNA	515	2065	2
PB2_vRNA	515	600	2
PB2_vRNA	320	1969	20
PB2_vRNA	1294	1369	3
PB2_vRNA	563	1877	36
PB2_vRNA	885	1252	3
PB2_vRNA	1375	2162	2
PB2_vRNA	250	2094	100
PB2_vRNA	250	2166	1
PB2_vRNA	250	2196	2
PB2_vRNA	178	301	10
PB2_vRNA	178	2181	1
PB2_vRNA	348	2116	7
PB2_vRNA	348	2091	18
PB2_vRNA	348	2070	5
PB2_vRNA	613	1712	8
PB2_vRNA	703	882	3
PB2_vRNA	703	758	2
PB2_vRNA	703	889	1
PB2_vRNA	703	1299	1
PB2_vRNA	703	880	1
PB2_vRNA	232	2140	10
PB2_vRNA	539	629	2
PB2_vRNA	1353	1428	2
PB2_vRNA	235	2135	16
PB2_vRNA	491	1909	23
PB2_vRNA	491	1977	1
PB2_vRNA	308	2085	2
PB2_vRNA	308	2015	13
PB2_vRNA	253	2209	9
PB2_vRNA	253	357	1
PB2_vRNA	253	2228	2
PB2_vRNA	468	1877	40
PB2_vRNA	468	2015	1
PB2_vRNA	468	1922	2
PB2_vRNA	568	1864	51
PB2_vRNA	568	1789	1
PB2_vRNA	568	623	1
PB2_vRNA	187	404	1
PB2_vRNA	187	2065	12
PB2_vRNA	945	1165	2
PB2_vRNA	384	2107	2
PB2_vRNA	231	2118	7
PB2_vRNA	231	2224	4
PB2_vRNA	231	2115	2
PB2_vRNA	231	2195	2
PB2_vRNA	244	2108	9
PB2_vRNA	244	2136	2
PB2_vRNA	244	1847	5
PB2_vRNA	244	2011	1
PB2_vRNA	252	2160	4
PB2_vRNA	388	2036	2
PB2_vRNA	438	2072	2
PB2_vRNA	438	2085	1
PB2_vRNA	438	2008	4
PB2_vRNA	438	2023	2
PB2_vRNA	438	2047	2
PB2_vRNA	438	1968	2
PB2_vRNA	438	1892	1
PB2_vRNA	638	1881	1
PB2_vRNA	454	2023	1
PB2_vRNA	454	1990	1
PB2_vRNA	454	1962	1
PB2_vRNA	454	2016	8
PB2_vRNA	454	2145	2
PB2_vRNA	255	2179	2
PB2_vRNA	1476	1562	6
PB2_vRNA	588	1889	41
PB2_vRNA	504	2098	1
PB2_vRNA	504	2023	1
PB2_vRNA	576	1882	1
PB2_vRNA	690	1909	2
PB2_vRNA	406	2073	2
PB2_vRNA	518	1822	29
PB2_vRNA	1005	1107	1
PB2_vRNA	455	1995	2
PB2_vRNA	455	2166	4
PB2_vRNA	455	1900	3
PB2_vRNA	455	1953	2
PB2_vRNA	455	1979	10
PB2_vRNA	455	1967	1
PB2_vRNA	455	2023	2
PB2_vRNA	455	1988	1
PB2_vRNA	455	2036	1
PB2_vRNA	455	2015	1
PB2_vRNA	455	2008	1
PB2_vRNA	455	1941	1
PB2_vRNA	481	1970	2
PB2_vRNA	481	2050	1
PB2_vRNA	481	2056	2
PB2_vRNA	328	2117	2
PB2_vRNA	328	1602	6
PB2_vRNA	307	2101	4
PB2_vRNA	307	2068	1
PB2_vRNA	968	1217	2
PB2_vRNA	228	2200	10
PB2_vRNA	228	2236	2
PB2_vRNA	377	2035	3
PB2_vRNA	377	2075	1
PB2_vRNA	342	2064	2
PB2_vRNA	342	2143	1
PB2_vRNA	342	2056	1
PB2_vRNA	342	1966	2
PB2_vRNA	261	2167	2
PB2_vRNA	177	2234	8
PB2_vRNA	1826	1937	2
PB2_vRNA	300	332	1
PB2_vRNA	1295	1511	2
PB2_vRNA	1173	2119	5
PB2_vRNA	238	2157	2
PB2_vRNA	238	2140	4
PB2_vRNA	229	2134	6
PB2_vRNA	229	2165	2
PB2_vRNA	229	2166	4
PB2_vRNA	583	1510	2
PB2_vRNA	583	1778	10
PB2_vRNA	583	1798	4
PB2_vRNA	902	1540	1
PB2_vRNA	156	2194	2
PB2_vRNA	439	2005	4
PB2_vRNA	439	1982	2
PB2_vRNA	439	2036	2
PB2_vRNA	424	2061	1
PB2_vRNA	424	1942	2
PB2_vRNA	424	1925	1
PB2_vRNA	424	2180	2
PB2_vRNA	424	2069	1
PB2_vRNA	476	2060	7
PB2_vRNA	476	1871	2
PB2_vRNA	441	1940	3
PB2_vRNA	220	2191	6
PB2_vRNA	973	1122	1
PB2_vRNA	333	2052	6
PB2_vRNA	716	897	4
PB2_vRNA	716	1911	2
PB2_vRNA	791	943	3
PB2_vRNA	580	601	7
PB2_vRNA	440	2137	2
PB2_vRNA	440	468	2
PB2_vRNA	260	2135	2
PB2_vRNA	260	2159	4
PB2_vRNA	559	1891	2
PB2_vRNA	559	1858	3
PB2_vRNA	1383	1401	1
PB2_vRNA	506	1924	11
PB2_vRNA	506	2109	2
PB2_vRNA	506	1903	1
PB2_vRNA	1259	1513	1
PB2_vRNA	1259	2196	2
PB2_vRNA	278	2030	2
PB2_vRNA	278	2147	2
PB2_vRNA	278	2197	3
PB2_vRNA	278	2016	2
PB2_vRNA	311	2057	7
PB2_vRNA	311	2136	2
PB2_vRNA	311	2077	1
PB2_vRNA	1452	1485	4
PB2_vRNA	1678	2067	2
PB2_vRNA	453	2035	3
PB2_vRNA	453	2010	2
PB2_vRNA	453	2004	2
PB2_vRNA	226	2124	2
PB2_vRNA	226	2176	2
PB2_vRNA	538	1993	4
PB2_vRNA	626	1925	1
PB2_vRNA	369	2078	10
PB2_vRNA	449	2144	3
PB2_vRNA	750	1544	1
PB2_vRNA	750	1049	1
PB2_vRNA	750	803	1
PB2_vRNA	270	2186	8
PB2_vRNA	270	2217	1
PB2_vRNA	877	2043	4
PB2_vRNA	693	1974	12
PB2_vRNA	210	280	34
PB2_vRNA	210	263	2
PB2_vRNA	281	2150	8
PB2_vRNA	281	2195	2
PB2_vRNA	2043	2103	1
PB2_vRNA	386	2161	9
PB2_vRNA	386	2039	1
PB2_vRNA	386	2085	2
PB2_vRNA	386	1290	1
PB2_vRNA	386	1875	1
PB2_vRNA	645	1823	7
PB2_vRNA	407	2173	2
PB2_vRNA	407	2054	2
PB2_vRNA	407	2031	3
PB2_vRNA	1139	1682	2
PB2_vRNA	257	2134	2
PB2_vRNA	257	2113	2
PB2_vRNA	257	2108	2
PB2_vRNA	868	905	1
PB2_vRNA	1242	1255	1
PB2_vRNA	780	2009	1
PB2_vRNA	234	2198	4
PB2_vRNA	254	1682	2
PB2_vRNA	254	2211	2
PB2_vRNA	1914	1939	4
PB2_vRNA	192	2164	4
PB2_vRNA	668	1897	2
PB2_vRNA	668	1687	2
PB2_vRNA	477	1872	1
PB2_vRNA	477	1958	2
PB2_vRNA	315	2060	4
PB2_vRNA	272	2219	1
PB2_vRNA	788	2186	3
PB2_vRNA	290	2135	2
PB2_vRNA	290	2184	5
PB2_vRNA	290	2125	4
PB2_vRNA	290	2011	2
PB2_vRNA	325	2092	2
PB2_vRNA	325	2152	3
PB2_vRNA	607	1855	2
PB2_vRNA	894	974	2
PB2_vRNA	894	951	1
PB2_vRNA	549	584	2
PB2_vRNA	240	2160	2
PB2_vRNA	289	2015	2
PB2_vRNA	289	2135	2
PB2_vRNA	640	1921	2
PB2_vRNA	640	1868	2
PB2_vRNA	565	1944	8
PB2_vRNA	565	1866	2
PB2_vRNA	245	2158	2
PB2_vRNA	879	1044	1
PB2_vRNA	963	1960	1
PB2_vRNA	473	2022	1
PB2_vRNA	387	2026	1
PB2_vRNA	387	1975	1
PB2_vRNA	387	1768	2
PB2_vRNA	387	2037	1
PB2_vRNA	387	2169	1
PB2_vRNA	356	2170	2
PB2_vRNA	959	1063	2
PB2_vRNA	256	2138	10
PB2_vRNA	256	2190	2
PB2_vRNA	256	2134	1
PB2_vRNA	482	1920	2
PB2_vRNA	482	1474	2
PB2_vRNA	227	2213	2
PB2_vRNA	227	2079	2
PB2_vRNA	191	2197	2
PB2_vRNA	1192	1858	2
PB2_vRNA	165	1899	2
PB2_vRNA	243	2103	2
PB2_vRNA	243	2177	2
PB2_vRNA	243	2164	1
PB2_vRNA	470	544	2
PB2_vRNA	524	1983	1
PB2_vRNA	338	2108	6
PB2_vRNA	338	2181	2
PB2_vRNA	338	2036	1
PB2_vRNA	422	2003	4
PB2_vRNA	204	286	2
PB2_vRNA	204	2222	2
PB2_vRNA	306	2054	3
PB2_vRNA	306	2009	1
PB2_vRNA	288	2180	4
PB2_vRNA	347	2129	2
PB2_vRNA	621	1797	1
PB2_vRNA	621	1873	2
PB2_vRNA	621	1811	1
PB2_vRNA	621	1825	1
PB2_vRNA	712	1657	4
PB2_vRNA	209	280	2
PB2_vRNA	209	2064	2
PB2_vRNA	209	2151	5
PB2_vRNA	471	1866	2
PB2_vRNA	471	1890	5
PB2_vRNA	319	2077	1
PB2_vRNA	319	1972	8
PB2_vRNA	319	2152	2
PB2_vRNA	636	1920	2
PB2_vRNA	809	1568	6
PB2_vRNA	222	2196	2
PB2_vRNA	198	2225	2
PB2_vRNA	198	1169	1
PB2_vRNA	494	2038	2
PB2_vRNA	494	1870	1
PB2_vRNA	721	1681	2
PB2_vRNA	371	2044	2
PB2_vRNA	605	1167	3
PB2_vRNA	966	1532	2
PB2_vRNA	966	1004	1
PB2_vRNA	146	1119	2
PB2_vRNA	658	1761	3
PB2_vRNA	628	1787	2
PB2_vRNA	628	643	1
PB2_vRNA	624	1922	1
PB2_vRNA	737	771	1
PB2_vRNA	526	1743	4
PB2_vRNA	541	1928	2
PB2_vRNA	541	1926	2
PB2_vRNA	503	1862	1
PB2_vRNA	503	1095	1
PB2_vRNA	763	878	1
PB2_vRNA	519	1732	2
PB2_vRNA	519	1833	2
PB2_vRNA	519	1868	1
PB2_vRNA	600	1845	2
PB2_vRNA	600	651	1
PB2_vRNA	263	2183	3
PB2_vRNA	263	1959	2
PB2_vRNA	263	2138	3
PB2_vRNA	417	2003	2
PB2_vRNA	367	2184	1
PB2_vRNA	367	2108	1
PB2_vRNA	509	1808	6
PB2_vRNA	509	1924	2
PB2_vRNA	337	2107	2
PB2_vRNA	689	1875	3
PB2_vRNA	265	302	18
PB2_vRNA	265	2148	2
PB2_vRNA	349	2035	2
PB2_vRNA	381	883	4
PB2_vRNA	579	1892	2
PB2_vRNA	579	1830	2
PB2_vRNA	579	1873	7
PB2_vRNA	336	2061	5
PB2_vRNA	336	2098	2
PB2_vRNA	302	2110	4
PB2_vRNA	540	1886	2
PB2_vRNA	746	1585	2
PB2_vRNA	230	2182	2
PB2_vRNA	551	1870	3
PB2_vRNA	218	2197	2
PB2_vRNA	635	1777	2
PB2_vRNA	635	1890	1
PB2_vRNA	707	884	1
PB2_vRNA	707	1809	1
PB2_vRNA	707	1779	1
PB2_vRNA	374	2081	3
PB2_vRNA	374	2151	2
PB2_vRNA	317	2072	1
PB2_vRNA	1580	1613	2
PB2_vRNA	318	422	2
PB2_vRNA	318	2114	2
PB2_vRNA	335	2028	2
PB2_vRNA	284	2083	2
PB2_vRNA	724	784	1
PB2_vRNA	322	2152	6
PB2_vRNA	266	2081	1
PB2_vRNA	266	291	1
PB2_vRNA	604	636	2
PB2_vRNA	692	725	1
PB2_vRNA	823	853	1
PB2_vRNA	699	1809	1
PB2_vRNA	719	1760	1
PB2_vRNA	719	1711	2
PB2_vRNA	874	1358	1
PB2_vRNA	444	913	2
PB2_vRNA	779	1673	2
PB2_vRNA	464	2036	3
PB2_vRNA	164	194	1
PB2_vRNA	447	487	2
PB2_vRNA	1245	2104	1
PB2_vRNA	363	2015	7
PB2_vRNA	363	2078	2
PB2_vRNA	575	1894	3
PB2_vRNA	970	1372	1
PB2_vRNA	909	951	1
PB2_vRNA	909	983	1
PB2_vRNA	1710	1735	2
PB2_vRNA	653	1765	1
PB2_vRNA	467	1999	1
PB2_vRNA	587	2140	2
PB2_vRNA	623	1856	2
PB2_vRNA	2212	2248	1
PB2_vRNA	728	757	2
PB2_vRNA	1397	1451	1
PB2_vRNA	570	1848	1
PB2_vRNA	391	2014	3
PB2_vRNA	391	1248	2
PB2_vRNA	391	2063	2
PB2_vRNA	391	1154	1
PB2_vRNA	435	1209	2
PB2_vRNA	262	2151	2
PB2_vRNA	262	333	3
PB2_vRNA	611	1866	1
PB2_vRNA	186	2181	2
PB2_vRNA	186	2069	2
PB2_vRNA	249	319	2
PB2_vRNA	274	2201	1
PB2_vRNA	582	1865	3
PB2_vRNA	582	1888	1
PB2_vRNA	582	622	2
PB2_vRNA	582	1910	1
PB2_vRNA	497	1933	5
PB2_vRNA	697	894	1
PB2_vRNA	599	1126	1
PB2_vRNA	890	1297	1
PB2_vRNA	1298	1369	1
PB2_vRNA	293	2102	2
PB2_vRNA	821	874	1
PB2_vRNA	514	1892	3
PB2_vRNA	508	1875	1
PB2_vRNA	754	1587	1
PB2_vRNA	427	2007	3
PB2_vRNA	241	1073	1
PB2_vRNA	1266	1384	2
PB2_vRNA	212	2223	3
PB2_vRNA	212	2118	2
PB2_vRNA	1167	1358	1
PB2_vRNA	225	2171	1
PB2_vRNA	804	1700	2
PB2_vRNA	714	1641	2
PB2_vRNA	714	757	3
PB2_vRNA	714	809	1
PB2_vRNA	660	1313	2
PB2_vRNA	660	931	1
PB2_vRNA	949	1561	2
PB2_vRNA	499	2040	1
PB2_vRNA	709	1704	6
PB2_vRNA	399	899	1
PB2_vRNA	399	502	2
PB2_vRNA	585	1928	2
PB2_vRNA	585	1849	1
PB2_vRNA	1149	1179	2
PB2_vRNA	264	2093	2
PB2_vRNA	373	2038	1
PB2_vRNA	410	2061	2
PB2_vRNA	1209	2102	1
PB2_vRNA	566	1939	2
PB2_vRNA	350	2019	2
PB2_vRNA	861	1540	1
PB2_vRNA	394	894	1
PB2_vRNA	287	1894	2
PB2_vRNA	287	1961	1
PB2_vRNA	1060	1725	1
PB2_vRNA	573	1941	2
PB2_vRNA	978	1352	1
PB2_vRNA	310	386	2
PB2_vRNA	310	2070	3
PB2_vRNA	498	1876	2
PB2_vRNA	650	1871	2
PB2_vRNA	650	1954	1
PB2_vRNA	574	610	1
PB2_vRNA	574	1853	1
PB2_vRNA	964	1263	1
PB2_vRNA	211	2194	2
PB2_vRNA	211	2102	2
PB2_vRNA	601	630	1
PB2_vRNA	601	1828	5
PB2_vRNA	601	649	1
PB2_vRNA	1434	1474	2
PB2_vRNA	334	2102	2
PB2_vRNA	334	2078	2
PB2_vRNA	669	1600	4
PB2_vRNA	715	1666	2
PB2_vRNA	1193	1561	1
PB2_vRNA	183	2219	2
PB2_vRNA	609	1810	1
PB2_vRNA	609	1871	1
PB2_vRNA	1971	2255	2
PB2_vRNA	326	2061	2
PB2_vRNA	847	1692	4
PB2_vRNA	1557	2120	1
PB2_vRNA	869	1492	2
PB2_vRNA	368	2056	1
PB2_vRNA	1543	2056	2
PB2_vRNA	528	1926	2
PB2_vRNA	1479	1504	2
PB2_vRNA	224	2147	2
PB2_vRNA	1524	2157	1
PB2_vRNA	1267	1391	2
PB2_vRNA	134	1401	1
PB2_vRNA	134	1384	2
PB2_vRNA	705	855	3
PB2_vRNA	332	2073	1
PB2_vRNA	710	860	2
PB2_vRNA	1207	1277	1
PB2_vRNA	474	2215	2
PB2_vRNA	121	683	3
PB2_vRNA	739	2025	4
PB2_vRNA	739	783	2
PB2_vRNA	205	292	2
PB2_vRNA	657	676	2
PB2_vRNA	854	897	1
PB2_vRNA	593	1837	2
PB2_vRNA	2027	2138	2
PB2_vRNA	1796	1931	1
PB2_vRNA	627	1760	1
PB2_vRNA	437	1954	1
PB2_vRNA	1243	1844	1
PB2_vRNA	358	2060	1
PB2_vRNA	153	1421	2
PB2_vRNA	136	170	2
PB2_vRNA	331	2094	1
PB2_vRNA	340	2102	1
PB2_vRNA	340	2121	1
PB2_vRNA	340	2141	1
PB2_vRNA	247	1465	2
PB2_vRNA	1143	1271	2
PB2_vRNA	2200	2232	1
PB2_vRNA	401	2026	2
PB2_vRNA	189	302	1
PB2_vRNA	411	1809	2
PB2_vRNA	1098	1512	1
PB2_vRNA	201	2150	1
PB2_vRNA	201	2149	1
PB2_vRNA	1545	2114	2
PB2_vRNA	1043	1142	1
PB2_vRNA	248	2215	2
PB2_vRNA	248	2126	1
PB2_vRNA	1846	1897	4
PB2_vRNA	862	1208	1
PB2_vRNA	916	2071	1
PB2_vRNA	590	1844	2
PB2_vRNA	460	1951	1
PB2_vRNA	442	2159	2
PB2_vRNA	313	2110	2
PB2_vRNA	215	2135	2
PB2_vRNA	1184	1280	2
PB2_vRNA	398	531	1
PB2_vRNA	803	1552	1
PB2_vRNA	797	1661	2
PB2_vRNA	681	1824	1
PB2_vRNA	708	1722	2
PB2_vRNA	1006	1528	1
PB2_vRNA	602	1935	3
PB2_vRNA	543	1889	2
PB2_vRNA	98	526	2
PB2_vRNA	567	1995	1
PB2_vRNA	567	1787	1
PB2_vRNA	480	2012	1
PB2_vRNA	711	1763	2
PB2_vRNA	299	2147	2
PB2_vRNA	905	1610	2
PB2_vRNA	242	2190	2
PB2_vRNA	522	1910	2
PB2_vRNA	2062	2106	2
PB2_vRNA	458	1983	1
PB2_vRNA	520	1870	3
PB2_vRNA	532	1783	2
PB2_vRNA	900	1556	1
PB2_vRNA	461	1993	2
PB2_vRNA	1390	1455	2
PB2_vRNA	1254	1516	3
PB2_vRNA	652	1951	1
PB2_vRNA	403	1877	1
PB2_vRNA	445	1944	1
PB2_vRNA	1079	1460	1
PB2_vRNA	595	872	1
PB2_vRNA	967	1009	1
PB2_vRNA	612	1670	1
PB2_vRNA	569	1876	1
PB2_vRNA	897	1518	1
PB2_vRNA	376	2228	1
PB2_vRNA	952	1532	1
PB2_vRNA	952	996	1
PB2_vRNA	755	1809	1
PB2_vRNA	418	2186	1
PB2_vRNA	1187	1402	1
PB2_vRNA	1157	2053	1
PB2_vRNA	603	1715	1
PB2_vRNA	214	284	1
PB2_vRNA	478	1845	1
PB2_vRNA	1103	1229	1
PB2_vRNA	351	1474	1
PB2_vRNA	798	1490	1
PB2_vRNA	1525	2108	2
PB2_vRNA	1108	1502	1
PB2_vRNA	723	757	1
PB2_vRNA	884	1161	1
PB2_vRNA	505	751	1
PB2_vRNA	505	1808	1
PB2_vRNA	786	2184	1
PB2_vRNA	735	1711	1
PB2_vRNA	162	1382	1
PB2_vRNA	1240	2131	1
PB2_vRNA	795	1643	1
PB2_vRNA	975	1476	1
PB2_vRNA	237	1669	1
PB2_vRNA	820	842	1
PB2_vRNA	316	2083	1
PB2_vRNA	742	882	1
PB2_vRNA	706	783	1
PB2_vRNA	753	1728	1
PB2_vRNA	586	1809	1
PB2_vRNA	1740	1767	1
PB2_vRNA	881	1676	1
PB2_vRNA	932	1075	1
PB2_vRNA	665	1855	1
PB2_vRNA	764	1671	1
PB2_vRNA	495	1935	1
PB2_vRNA	393	970	1
PB2_vRNA	1114	1508	1
PB2_vRNA	185	2155	1
PB2_vRNA	852	885	1
PB2_vRNA	1049	1911	1
PB2_vRNA	889	1073	1
PB1_vRNA	372	2015	2526
PB1_vRNA	372	2075	418
PB1_vRNA	372	2072	19
PB1_vRNA	372	1998	1
PB1_vRNA	409	2028	524
PB1_vRNA	409	2114	25
PB1_vRNA	298	2150	1819
PB1_vRNA	298	706	2
PB1_vRNA	230	2138	3892
PB1_vRNA	230	2152	2
PB1_vRNA	230	2083	1
PB1_vRNA	853	881	2
PB1_vRNA	853	2213	1
PB1_vRNA	403	2011	1
PB1_vRNA	403	2004	1
PB1_vRNA	309	2154	6976
PB1_vRNA	309	2155	1
PB1_vRNA	309	2142	2
PB1_vRNA	377	1913	3080
PB1_vRNA	377	2094	6
PB1_vRNA	491	1903	204
PB1_vRNA	342	2119	56
PB1_vRNA	444	1974	1100
PB1_vRNA	240	2184	69
PB1_vRNA	337	2185	513
PB1_vRNA	337	2041	6
PB1_vRNA	524	1715	37
PB1_vRNA	524	617	1
PB1_vRNA	524	2036	1
PB1_vRNA	259	1471	7
PB1_vRNA	259	2141	1
PB1_vRNA	551	1889	627
PB1_vRNA	502	1787	2
PB1_vRNA	502	1911	2
PB1_vRNA	466	2104	8
PB1_vRNA	466	2003	1
PB1_vRNA	2152	2195	697
PB1_vRNA	190	2099	159
PB1_vRNA	439	1970	1
PB1_vRNA	439	1969	2
PB1_vRNA	281	2155	246
PB1_vRNA	281	1952	2
PB1_vRNA	281	2071	3
PB1_vRNA	329	2086	2
PB1_vRNA	329	2027	2
PB1_vRNA	462	1939	12
PB1_vRNA	462	477	1
PB1_vRNA	659	1762	318
PB1_vRNA	233	2144	71
PB1_vRNA	233	852	26
PB1_vRNA	233	1778	2
PB1_vRNA	233	1189	2
PB1_vRNA	233	2165	2
PB1_vRNA	233	2090	2
PB1_vRNA	233	2153	2
PB1_vRNA	233	2140	2
PB1_vRNA	233	356	2
PB1_vRNA	217	2219	4
PB1_vRNA	229	2154	73
PB1_vRNA	229	2137	1
PB1_vRNA	229	2143	2
PB1_vRNA	435	482	17
PB1_vRNA	435	2043	1
PB1_vRNA	433	1972	4
PB1_vRNA	676	1904	36
PB1_vRNA	676	2182	2
PB1_vRNA	948	1262	56
PB1_vRNA	621	2064	304
PB1_vRNA	621	1910	1
PB1_vRNA	375	2145	1
PB1_vRNA	375	2065	2
PB1_vRNA	375	2026	3
PB1_vRNA	375	1911	5
PB1_vRNA	426	2004	1
PB1_vRNA	313	1878	1
PB1_vRNA	313	2160	2
PB1_vRNA	313	2194	2
PB1_vRNA	800	1769	1
PB1_vRNA	530	1699	1
PB1_vRNA	530	2047	2
PB1_vRNA	760	1954	1
PB1_vRNA	392	2104	5
PB1_vRNA	432	2087	59
PB1_vRNA	432	2036	1
PB1_vRNA	432	1273	2
PB1_vRNA	823	1705	1
PB1_vRNA	368	385	123
PB1_vRNA	368	2038	4
PB1_vRNA	368	2093	3
PB1_vRNA	368	2085	2
PB1_vRNA	368	2101	1
PB1_vRNA	590	2028	61
PB1_vRNA	272	2090	9
PB1_vRNA	272	2160	1
PB1_vRNA	272	1958	2
PB1_vRNA	272	2201	3
PB1_vRNA	322	2016	4
PB1_vRNA	322	2056	6
PB1_vRNA	322	2093	3
PB1_vRNA	322	2105	1
PB1_vRNA	270	2074	3
PB1_vRNA	270	1580	2
PB1_vRNA	693	1821	14
PB1_vRNA	777	1725	93
PB1_vRNA	434	2042	11
PB1_vRNA	434	1974	2
PB1_vRNA	982	1155	13
PB1_vRNA	186	1256	2
PB1_vRNA	636	1879	11
PB1_vRNA	636	1833	24
PB1_vRNA	938	2170	40
PB1_vRNA	592	1904	29
PB1_vRNA	450	1924	14
PB1_vRNA	450	2032	7
PB1_vRNA	450	2015	2
PB1_vRNA	450	2053	1
PB1_vRNA	831	1530	3
PB1_vRNA	391	2084	2
PB1_vRNA	391	2151	2
PB1_vRNA	520	2170	5
PB1_vRNA	416	2056	57
PB1_vRNA	416	2019	2
PB1_vRNA	416	2000	4
PB1_vRNA	416	1981	1
PB1_vRNA	437	2037	53
PB1_vRNA	437	1979	1
PB1_vRNA	437	1872	5
PB1_vRNA	437	2059	2
PB1_vRNA	437	2015	4
PB1_vRNA	437	1894	2
PB1_vRNA	437	1960	2
PB1_vRNA	437	2045	1
PB1_vRNA	437	469	1
PB1_vRNA	437	1995	1
PB1_vRNA	437	2005	1
PB1_vRNA	371	2016	40
PB1_vRNA	353	2031	23
PB1_vRNA	353	2134	4
PB1_vRNA	353	2209	2
PB1_vRNA	390	2067	11
PB1_vRNA	390	2103	4
PB1_vRNA	390	2005	2
PB1_vRNA	628	1722	4
PB1_vRNA	283	2145	19
PB1_vRNA	283	2149	2
PB1_vRNA	498	2033	7
PB1_vRNA	498	1894	2
PB1_vRNA	498	2137	1
PB1_vRNA	498	1432	1
PB1_vRNA	497	2279	52
PB1_vRNA	238	2132	4
PB1_vRNA	238	2206	2
PB1_vRNA	214	2206	6
PB1_vRNA	214	2195	20
PB1_vRNA	214	2184	2
PB1_vRNA	625	1744	2
PB1_vRNA	625	651	1
PB1_vRNA	1155	1688	1
PB1_vRNA	532	1763	1
PB1_vRNA	839	1632	2
PB1_vRNA	839	1647	2
PB1_vRNA	412	1989	2
PB1_vRNA	412	1986	1
PB1_vRNA	288	2131	93
PB1_vRNA	312	2110	4
PB1_vRNA	244	1905	4
PB1_vRNA	496	1914	11
PB1_vRNA	515	2054	13
PB1_vRNA	515	1879	5
PB1_vRNA	461	2003	2
PB1_vRNA	504	1987	15
PB1_vRNA	504	1970	3
PB1_vRNA	504	2093	2
PB1_vRNA	595	1779	15
PB1_vRNA	757	1773	1
PB1_vRNA	616	1768	2
PB1_vRNA	639	1892	1
PB1_vRNA	235	2195	2
PB1_vRNA	285	2033	7
PB1_vRNA	446	1958	3
PB1_vRNA	446	1993	1
PB1_vRNA	446	2023	2
PB1_vRNA	446	1971	2
PB1_vRNA	446	1899	1
PB1_vRNA	422	1952	26
PB1_vRNA	231	2103	4
PB1_vRNA	231	2156	1
PB1_vRNA	231	2201	2
PB1_vRNA	231	1153	2
PB1_vRNA	231	2139	2
PB1_vRNA	2206	2268	6
PB1_vRNA	447	2025	3
PB1_vRNA	447	2207	2
PB1_vRNA	447	1828	3
PB1_vRNA	289	2151	17
PB1_vRNA	289	2131	2
PB1_vRNA	289	2153	2
PB1_vRNA	531	1959	3
PB1_vRNA	531	1931	2
PB1_vRNA	531	1854	1
PB1_vRNA	531	1951	2
PB1_vRNA	531	1926	2
PB1_vRNA	355	2089	9
PB1_vRNA	355	2157	16
PB1_vRNA	355	1931	1
PB1_vRNA	438	2013	1
PB1_vRNA	438	2005	1
PB1_vRNA	348	2286	3
PB1_vRNA	348	2152	2
PB1_vRNA	204	1716	2
PB1_vRNA	204	1868	2
PB1_vRNA	149	2004	7
PB1_vRNA	189	2210	2
PB1_vRNA	189	2243	2
PB1_vRNA	405	2067	2
PB1_vRNA	405	1947	4
PB1_vRNA	405	2004	1
PB1_vRNA	405	1897	1
PB1_vRNA	618	1830	11
PB1_vRNA	1373	1414	1
PB1_vRNA	485	1208	2
PB1_vRNA	404	2055	2
PB1_vRNA	404	2075	2
PB1_vRNA	411	1958	1
PB1_vRNA	411	2169	1
PB1_vRNA	411	2004	2
PB1_vRNA	306	2151	9
PB1_vRNA	688	1118	2
PB1_vRNA	484	2018	1
PB1_vRNA	484	2020	2
PB1_vRNA	256	1980	1
PB1_vRNA	418	2018	2
PB1_vRNA	418	2086	3
PB1_vRNA	304	2149	9
PB1_vRNA	202	2180	4
PB1_vRNA	445	2038	2
PB1_vRNA	445	1596	6
PB1_vRNA	445	1995	2
PB1_vRNA	386	1955	4
PB1_vRNA	386	2007	9
PB1_vRNA	386	470	3
PB1_vRNA	460	1952	13
PB1_vRNA	460	1969	5
PB1_vRNA	460	1978	2
PB1_vRNA	374	2066	2
PB1_vRNA	538	798	1
PB1_vRNA	334	2090	12
PB1_vRNA	310	2155	6
PB1_vRNA	310	2162	53
PB1_vRNA	177	2141	2
PB1_vRNA	177	2249	1
PB1_vRNA	242	2150	10
PB1_vRNA	242	853	5
PB1_vRNA	626	1818	1
PB1_vRNA	151	1486	2
PB1_vRNA	986	1453	3
PB1_vRNA	193	2206	2
PB1_vRNA	584	1948	1
PB1_vRNA	584	2219	2
PB1_vRNA	273	2074	5
PB1_vRNA	679	1790	12
PB1_vRNA	528	1965	1
PB1_vRNA	528	1793	1
PB1_vRNA	528	2019	1
PB1_vRNA	414	2036	8
PB1_vRNA	414	2001	2
PB1_vRNA	164	2221	4
PB1_vRNA	275	330	1
PB1_vRNA	275	2144	8
PB1_vRNA	275	2082	2
PB1_vRNA	318	2130	2
PB1_vRNA	318	424	2
PB1_vRNA	318	2038	1
PB1_vRNA	568	1933	29
PB1_vRNA	517	1664	2
PB1_vRNA	517	1229	1
PB1_vRNA	517	1924	1
PB1_vRNA	378	2037	6
PB1_vRNA	378	1914	2
PB1_vRNA	387	2073	4
PB1_vRNA	387	1932	3
PB1_vRNA	714	1802	1
PB1_vRNA	714	1626	1
PB1_vRNA	394	2053	2
PB1_vRNA	394	2074	1
PB1_vRNA	265	2127	8
PB1_vRNA	265	1452	3
PB1_vRNA	417	1993	3
PB1_vRNA	417	1999	2
PB1_vRNA	417	2028	1
PB1_vRNA	469	1967	1
PB1_vRNA	469	1995	1
PB1_vRNA	53	1266	1
PB1_vRNA	527	1981	4
PB1_vRNA	215	2276	2
PB1_vRNA	215	2145	2
PB1_vRNA	384	1963	1
PB1_vRNA	384	2056	10
PB1_vRNA	276	2096	2
PB1_vRNA	730	1763	5
PB1_vRNA	239	2151	6
PB1_vRNA	471	1968	7
PB1_vRNA	473	1866	3
PB1_vRNA	858	1667	2
PB1_vRNA	858	1627	2
PB1_vRNA	1586	1620	2
PB1_vRNA	492	1977	1
PB1_vRNA	314	2074	4
PB1_vRNA	822	1616	1
PB1_vRNA	822	1718	1
PB1_vRNA	428	1994	2
PB1_vRNA	428	2008	1
PB1_vRNA	428	2015	2
PB1_vRNA	448	2039	1
PB1_vRNA	448	1969	2
PB1_vRNA	448	1921	1
PB1_vRNA	448	1978	1
PB1_vRNA	225	844	2
PB1_vRNA	225	847	1
PB1_vRNA	483	1805	1
PB1_vRNA	483	1933	1
PB1_vRNA	703	1786	2
PB1_vRNA	703	796	1
PB1_vRNA	324	2116	2
PB1_vRNA	619	1978	2
PB1_vRNA	619	1831	1
PB1_vRNA	820	1713	2
PB1_vRNA	363	2129	2
PB1_vRNA	236	2142	4
PB1_vRNA	260	2153	2
PB1_vRNA	308	2023	2
PB1_vRNA	308	2130	1
PB1_vRNA	606	1761	7
PB1_vRNA	406	2063	1
PB1_vRNA	406	2030	4
PB1_vRNA	406	1889	1
PB1_vRNA	286	2142	2
PB1_vRNA	286	2140	1
PB1_vRNA	361	1878	7
PB1_vRNA	361	2017	3
PB1_vRNA	361	2114	4
PB1_vRNA	488	2013	2
PB1_vRNA	425	2044	3
PB1_vRNA	332	2173	2
PB1_vRNA	295	2162	2
PB1_vRNA	295	2172	2
PB1_vRNA	336	2102	2
PB1_vRNA	336	2143	2
PB1_vRNA	567	2005	6
PB1_vRNA	744	1568	1
PB1_vRNA	663	1810	2
PB1_vRNA	453	610	1
PB1_vRNA	234	2207	4
PB1_vRNA	234	2193	2
PB1_vRNA	385	2023	4
PB1_vRNA	385	2068	1
PB1_vRNA	223	2195	2
PB1_vRNA	388	2017	4
PB1_vRNA	942	1256	2
PB1_vRNA	216	698	4
PB1_vRNA	216	2126	2
PB1_vRNA	194	2249	2
PB1_vRNA	194	2231	2
PB1_vRNA	255	2098	9
PB1_vRNA	393	2074	3
PB1_vRNA	2250	2292	4
PB1_vRNA	467	2037	2
PB1_vRNA	937	1520	2
PB1_vRNA	937	1499	2
PB1_vRNA	323	2129	2
PB1_vRNA	872	1795	1
PB1_vRNA	687	1924	2
PB1_vRNA	478	1923	2
PB1_vRNA	728	1768	1
PB1_vRNA	451	2005	2
PB1_vRNA	307	2133	2
PB1_vRNA	307	2144	2
PB1_vRNA	362	2145	6
PB1_vRNA	362	2131	2
PB1_vRNA	395	1176	5
PB1_vRNA	248	2157	2
PB1_vRNA	248	2148	2
PB1_vRNA	248	273	4
PB1_vRNA	430	1978	2
PB1_vRNA	430	2005	2
PB1_vRNA	430	1987	2
PB1_vRNA	430	2052	1
PB1_vRNA	542	1949	1
PB1_vRNA	642	1937	1
PB1_vRNA	642	1780	3
PB1_vRNA	1915	1965	6
PB1_vRNA	774	1641	2
PB1_vRNA	806	1564	2
PB1_vRNA	340	2045	2
PB1_vRNA	354	2075	2
PB1_vRNA	354	1905	2
PB1_vRNA	315	2180	6
PB1_vRNA	315	364	2
PB1_vRNA	575	2015	1
PB1_vRNA	245	2231	2
PB1_vRNA	245	2086	2
PB1_vRNA	587	1890	2
PB1_vRNA	587	1926	3
PB1_vRNA	529	1901	10
PB1_vRNA	529	2034	1
PB1_vRNA	529	1927	2
PB1_vRNA	398	2048	2
PB1_vRNA	398	2051	2
PB1_vRNA	2021	2059	2
PB1_vRNA	468	2009	2
PB1_vRNA	712	1718	1
PB1_vRNA	383	1947	1
PB1_vRNA	700	1703	2
PB1_vRNA	472	2086	1
PB1_vRNA	472	2036	1
PB1_vRNA	1989	2116	2
PB1_vRNA	407	2003	1
PB1_vRNA	300	1959	1
PB1_vRNA	300	2203	3
PB1_vRNA	299	1832	2
PB1_vRNA	296	2124	5
PB1_vRNA	296	2191	2
PB1_vRNA	296	1758	1
PB1_vRNA	510	1925	1
PB1_vRNA	459	2035	2
PB1_vRNA	241	339	1
PB1_vRNA	1326	1390	2
PB1_vRNA	541	1999	2
PB1_vRNA	541	1973	2
PB1_vRNA	465	2004	2
PB1_vRNA	293	2141	1
PB1_vRNA	1164	1186	1
PB1_vRNA	267	2217	8
PB1_vRNA	683	1920	1
PB1_vRNA	463	1908	2
PB1_vRNA	463	1895	2
PB1_vRNA	253	2290	2
PB1_vRNA	253	2122	2
PB1_vRNA	253	592	1
PB1_vRNA	772	1720	2
PB1_vRNA	772	1482	1
PB1_vRNA	258	2177	2
PB1_vRNA	258	2195	1
PB1_vRNA	533	1969	1
PB1_vRNA	1530	2263	4
PB1_vRNA	415	2065	3
PB1_vRNA	415	2029	1
PB1_vRNA	1308	1528	3
PB1_vRNA	317	2133	2
PB1_vRNA	755	1437	1
PB1_vRNA	341	2061	4
PB1_vRNA	878	1441	1
PB1_vRNA	1273	1628	2
PB1_vRNA	847	1605	1
PB1_vRNA	713	1775	1
PB1_vRNA	440	1997	1
PB1_vRNA	514	1957	1
PB1_vRNA	514	2049	2
PB1_vRNA	816	1646	1
PB1_vRNA	436	2004	2
PB1_vRNA	436	2116	2
PB1_vRNA	573	1993	2
PB1_vRNA	1345	1492	2
PB1_vRNA	927	1581	1
PB1_vRNA	815	1559	2
PB1_vRNA	681	1612	1
PB1_vRNA	1699	1743	1
PB1_vRNA	458	2015	2
PB1_vRNA	495	1948	2
PB1_vRNA	793	1685	1
PB1_vRNA	254	2166	2
PB1_vRNA	477	2015	2
PB1_vRNA	477	2013	2
PB1_vRNA	566	1934	1
PB1_vRNA	566	1907	2
PB1_vRNA	718	1454	2
PB1_vRNA	732	1762	2
PB1_vRNA	148	1113	2
PB1_vRNA	589	1942	1
PB1_vRNA	557	1766	2
PB1_vRNA	376	2117	2
PB1_vRNA	376	2016	4
PB1_vRNA	2195	2231	2
PB1_vRNA	1450	1640	2
PB1_vRNA	232	818	2
PB1_vRNA	665	1789	2
PB1_vRNA	810	1447	1
PB1_vRNA	360	2009	2
PB1_vRNA	325	2114	2
PB1_vRNA	427	1952	2
PB1_vRNA	205	656	2
PB1_vRNA	1437	1661	1
PB1_vRNA	279	467	2
PB1_vRNA	464	1993	1
PB1_vRNA	490	1902	1
PB1_vRNA	319	2028	1
PB1_vRNA	424	2122	1
PB1_vRNA	482	1977	3
PB1_vRNA	443	2057	2
PB1_vRNA	443	1973	3
PB1_vRNA	724	1224	1
PB1_vRNA	442	2013	2
PB1_vRNA	442	2073	1
PB1_vRNA	397	2120	1
PB1_vRNA	178	1958	2
PB1_vRNA	175	2247	3
PB1_vRNA	934	2031	1
PB1_vRNA	758	786	1
PB1_vRNA	622	1952	2
PB1_vRNA	622	1718	2
PB1_vRNA	1085	1148	1
PB1_vRNA	297	2053	2
PB1_vRNA	297	2016	2
PB1_vRNA	297	2108	1
PB1_vRNA	832	1602	1
PB1_vRNA	401	2031	2
PB1_vRNA	543	1709	1
PB1_vRNA	620	2063	2
PB1_vRNA	1212	1667	1
PB1_vRNA	320	2112	2
PB1_vRNA	614	1825	2
PB1_vRNA	499	2003	2
PB1_vRNA	1529	1566	2
PB1_vRNA	971	1155	2
PB1_vRNA	660	1763	1
PB1_vRNA	350	2057	1
PB1_vRNA	996	1170	2
PB1_vRNA	854	2207	1
PB1_vRNA	373	2076	1
PB1_vRNA	373	2016	2
PB1_vRNA	725	1796	2
PB1_vRNA	423	2122	1
PB1_vRNA	1320	1383	3
PB1_vRNA	249	2055	2
PB1_vRNA	262	2141	2
PB1_vRNA	2274	2287	2
PB1_vRNA	721	1809	1
PB1_vRNA	475	2035	1
PB1_vRNA	680	1716	2
PB1_vRNA	494	796	1
PB1_vRNA	2231	2300	1
PB1_vRNA	649	1823	1
PB1_vRNA	729	1768	2
PB1_vRNA	2014	2082	1
PB1_vRNA	647	1914	1
PB1_vRNA	352	1939	1
PB1_vRNA	634	666	1
PB1_vRNA	883	1734	1
PB1_vRNA	410	2029	2
PB1_vRNA	973	1027	1
PB1_vRNA	228	2173	1
PB1_vRNA	862	1552	1
PB1_vRNA	952	1583	1
PB1_vRNA	947	1661	1
PB1_vRNA	251	1463	1
PB1_vRNA	646	1878	1
PB1_vRNA	705	1714	1
PB1_vRNA	282	2180	1
PB1_vRNA	977	2101	2
PB1_vRNA	977	1150	1
PB1_vRNA	486	1898	1
PB1_vRNA	349	385	1
PB1_vRNA	569	1897	1
PB1_vRNA	338	446	1
PB1_vRNA	421	2015	1
PB1_vRNA	166	1909	1
PB1_vRNA	144	964	1
PB1_vRNA	547	1811	1
HA_vRNA	325	1513	3
HA_vRNA	459	1568	3
HA_vRNA	165	1445	2
HA_vRNA	539	1439	2
HA_vRNA	1302	1530	2
HA_vRNA	823	1224	2
HA_vRNA	305	455	2
HA_vRNA	305	1651	1
HA_vRNA	678	759	1
HA_vRNA	706	1006	2
HA_vRNA	409	1469	2
HA_vRNA	409	1510	1
HA_vRNA	302	1510	6
HA_vRNA	370	1506	4
HA_vRNA	295	1520	2
HA_vRNA	947	1091	1
HA_vRNA	312	1479	2
HA_vRNA	498	1637	1
HA_vRNA	750	1315	2
HA_vRNA	750	1077	9
HA_vRNA	403	1529	1
HA_vRNA	259	1529	2
HA_vRNA	259	276	2
HA_vRNA	259	1560	2
HA_vRNA	310	339	3
HA_vRNA	716	970	2
HA_vRNA	911	1181	1
HA_vRNA	294	1344	1
HA_vRNA	269	521	9
HA_vRNA	269	1645	2
HA_vRNA	269	519	2
HA_vRNA	300	1613	4
HA_vRNA	1053	1166	2
HA_vRNA	301	1599	2
HA_vRNA	414	745	1
HA_vRNA	279	542	2
HA_vRNA	726	1268	2
HA_vRNA	787	1223	1
HA_vRNA	932	969	1
HA_vRNA	1327	1517	6
HA_vRNA	752	1176	1
HA_vRNA	280	532	1
HA_vRNA	1067	1157	1
HA_vRNA	278	1544	2
HA_vRNA	639	732	2
HA_vRNA	256	1588	2
HA_vRNA	1003	1214	2
HA_vRNA	274	1611	3
HA_vRNA	387	1524	2
HA_vRNA	255	1579	2
HA_vRNA	775	807	2
HA_vRNA	775	1076	2
HA_vRNA	419	1572	1
HA_vRNA	762	972	5
HA_vRNA	1571	1686	1
HA_vRNA	346	1637	2
HA_vRNA	330	1561	2
HA_vRNA	415	1474	2
HA_vRNA	600	1270	1
HA_vRNA	820	1032	1
HA_vRNA	820	1054	1
HA_vRNA	948	1108	4
HA_vRNA	199	665	4
HA_vRNA	642	905	2
HA_vRNA	435	1545	2
HA_vRNA	285	521	1
HA_vRNA	1187	1337	1
HA_vRNA	341	1566	2
HA_vRNA	592	1276	2
HA_vRNA	774	1282	1
HA_vRNA	381	1579	2
HA_vRNA	186	651	2
HA_vRNA	281	504	1
HA_vRNA	281	526	2
HA_vRNA	355	1462	2
HA_vRNA	1499	1546	1
HA_vRNA	654	962	2
HA_vRNA	689	1245	1
HA_vRNA	329	1522	1
HA_vRNA	351	960	1
HA_vRNA	545	1338	2
HA_vRNA	398	1617	2
HA_vRNA	250	398	1
HA_vRNA	522	881	2
HA_vRNA	448	1408	1
HA_vRNA	488	679	2
HA_vRNA	315	1114	1
HA_vRNA	489	1373	2
HA_vRNA	821	903	2
HA_vRNA	272	1599	2
HA_vRNA	486	1116	2
HA_vRNA	277	1576	2
HA_vRNA	703	968	1
HA_vRNA	307	356	1
HA_vRNA	93	159	2
HA_vRNA	93	745	1
HA_vRNA	635	1629	2
HA_vRNA	954	1091	2
HA_vRNA	961	1539	2
HA_vRNA	484	1581	2
HA_vRNA	271	1329	1
HA_vRNA	394	444	1
HA_vRNA	193	707	3
HA_vRNA	982	1067	1
HA_vRNA	331	1545	2
HA_vRNA	331	1660	1
HA_vRNA	791	1184	2
HA_vRNA	296	1652	2
HA_vRNA	728	1111	1
HA_vRNA	696	785	1
HA_vRNA	226	546	2
HA_vRNA	583	1352	2
HA_vRNA	795	988	1
HA_vRNA	1249	1517	1
HA_vRNA	378	1346	2
HA_vRNA	884	1196	2
HA_vRNA	267	539	1
HA_vRNA	369	1532	2
HA_vRNA	761	951	1
HA_vRNA	446	481	1
HA_vRNA	367	1534	1
HA_vRNA	397	1425	1
HA_vRNA	167	1162	1
HA_vRNA	650	757	1
HA_vRNA	811	856	1
HA_vRNA	458	1510	2
HA_vRNA	1238	1263	1
HA_vRNA	264	1584	1
HA_vRNA	413	1009	1
HA_vRNA	710	975	1
HA_vRNA	1008	1038	1
HA_vRNA	1615	1653	1
HA_vRNA	1213	1276	1
HA_vRNA	332	1525	1
HA_vRNA	318	1593	1
HA_vRNA	608	1346	1
HA_vRNA	686	972	1
HA_vRNA	1052	1318	1
HA_vRNA	792	877	1
HA_vRNA	230	530	1
HA_vRNA	453	1370	1
HA_vRNA	288	1361	1
HA_vRNA	383	1565	1
HA_vRNA	1336	1507	1
NA_vRNA	605	1190	98
NA_vRNA	216	1262	11
NA_vRNA	173	692	7
NA_vRNA	173	1227	2
NA_vRNA	172	1309	259
NA_vRNA	806	1325	12
NA_vRNA	215	1130	4
NA_vRNA	558	940	2
NA_vRNA	927	1009	15
NA_vRNA	184	1274	28
NA_vRNA	469	1100	2
NA_vRNA	468	1094	52
NA_vRNA	468	1076	4
NA_vRNA	468	1139	1
NA_vRNA	455	1072	2
NA_vRNA	455	1016	2
NA_vRNA	171	1231	14
NA_vRNA	336	1205	40
NA_vRNA	861	1007	4
NA_vRNA	274	430	2
NA_vRNA	274	1168	1
NA_vRNA	548	1111	8
NA_vRNA	235	1144	2
NA_vRNA	235	277	2
NA_vRNA	235	1257	2
NA_vRNA	235	1185	2
NA_vRNA	180	1337	2
NA_vRNA	675	883	1
NA_vRNA	520	1011	1
NA_vRNA	384	1041	1
NA_vRNA	384	1098	2
NA_vRNA	275	1159	3
NA_vRNA	275	1186	2
NA_vRNA	275	1191	2
NA_vRNA	738	823	2
NA_vRNA	385	1136	1
NA_vRNA	385	1013	1
NA_vRNA	997	1023	2
NA_vRNA	340	1164	2
NA_vRNA	643	938	4
NA_vRNA	731	1074	9
NA_vRNA	716	744	1
NA_vRNA	1007	1046	1
NA_vRNA	449	545	1
NA_vRNA	449	554	1
NA_vRNA	270	1170	2
NA_vRNA	599	1073	2
NA_vRNA	213	1277	2
NA_vRNA	213	1335	4
NA_vRNA	151	625	17
NA_vRNA	217	1252	2
NA_vRNA	332	1146	2
NA_vRNA	388	1254	2
NA_vRNA	528	1043	2
NA_vRNA	291	1158	2
NA_vRNA	654	998	4
NA_vRNA	452	1077	3
NA_vRNA	452	1064	1
NA_vRNA	370	921	1
NA_vRNA	511	544	1
NA_vRNA	189	1226	7
NA_vRNA	448	492	1
NA_vRNA	448	973	2
NA_vRNA	552	1031	3
NA_vRNA	743	1040	1
NA_vRNA	743	810	2
NA_vRNA	446	1036	2
NA_vRNA	446	924	2
NA_vRNA	446	1071	2
NA_vRNA	402	1315	2
NA_vRNA	522	1086	2
NA_vRNA	297	564	2
NA_vRNA	493	691	1
NA_vRNA	195	1257	2
NA_vRNA	188	1336	4
NA_vRNA	415	1037	2
NA_vRNA	563	1072	2
NA_vRNA	562	944	2
NA_vRNA	562	670	2
NA_vRNA	395	1280	2
NA_vRNA	395	677	2
NA_vRNA	132	1217	2
NA_vRNA	1048	1109	1
NA_vRNA	419	843	1
NA_vRNA	873	1014	1
NA_vRNA	873	961	1
NA_vRNA	150	596	2
NA_vRNA	724	1336	4
NA_vRNA	525	956	2
NA_vRNA	234	1269	4
NA_vRNA	366	497	2
NA_vRNA	366	1232	2
NA_vRNA	875	1037	1
NA_vRNA	374	483	3
NA_vRNA	394	478	2
NA_vRNA	319	1124	2
NA_vRNA	1071	1100	2
NA_vRNA	422	1024	2
NA_vRNA	992	1224	2
NA_vRNA	458	1042	2
NA_vRNA	630	1005	1
NA_vRNA	579	702	4
NA_vRNA	263	1202	2
NA_vRNA	321	1212	4
NA_vRNA	181	1246	2
NA_vRNA	542	1015	1
NA_vRNA	98	599	1
NA_vRNA	409	1077	1
NA_vRNA	409	804	1
NA_vRNA	567	743	2
NA_vRNA	843	886	3
NA_vRNA	237	1340	2
NA_vRNA	882	1088	1
NA_vRNA	141	1260	2
NA_vRNA	533	1017	2
NA_vRNA	149	1280	2
NA_vRNA	674	1075	1
NA_vRNA	333	1190	2
NA_vRNA	333	878	1
NA_vRNA	932	1233	2
NA_vRNA	341	1231	5
NA_vRNA	375	1258	2
NA_vRNA	327	770	2
NA_vRNA	249	1271	2
NA_vRNA	51	959	1
NA_vRNA	690	708	1
NA_vRNA	517	569	2
NA_vRNA	1194	1233	1
NA_vRNA	521	936	1
NA_vRNA	401	1141	2
NA_vRNA	401	1063	2
NA_vRNA	401	1086	1
NA_vRNA	320	1139	2
NA_vRNA	523	1016	2
NA_vRNA	523	885	1
NA_vRNA	802	1116	2
NA_vRNA	233	1259	2
NA_vRNA	524	938	2
NA_vRNA	800	1078	2
NA_vRNA	536	1009	2
NA_vRNA	166	1182	2
NA_vRNA	421	1070	4
NA_vRNA	380	554	2
NA_vRNA	304	344	1
NA_vRNA	304	462	1
NA_vRNA	461	1138	2
NA_vRNA	461	1122	1
NA_vRNA	353	952	1
NA_vRNA	1031	1052	2
NA_vRNA	186	1254	1
NA_vRNA	939	1048	3
NA_vRNA	939	966	1
NA_vRNA	315	692	2
NA_vRNA	393	1075	2
NA_vRNA	491	1109	4
NA_vRNA	1093	1160	2
NA_vRNA	406	989	1
NA_vRNA	413	1043	2
NA_vRNA	352	778	2
NA_vRNA	477	1089	1
NA_vRNA	810	938	2
NA_vRNA	364	500	1
NA_vRNA	571	743	2
NA_vRNA	662	947	1
NA_vRNA	659	1002	2
NA_vRNA	1064	1093	2
NA_vRNA	913	952	2
NA_vRNA	719	778	2
NA_vRNA	496	881	2
NA_vRNA	358	1290	1
NA_vRNA	588	884	2
NA_vRNA	569	696	2
NA_vRNA	503	1019	2
NA_vRNA	248	1249	2
NA_vRNA	248	1159	2
NA_vRNA	607	752	1
NA_vRNA	751	777	2
NA_vRNA	575	710	2
NA_vRNA	947	1055	2
NA_vRNA	1096	1168	2
NA_vRNA	596	638	2
NA_vRNA	179	1195	2
NA_vRNA	387	1013	2
NA_vRNA	387	1033	1
NA_vRNA	381	1207	2
NA_vRNA	381	1129	1
NA_vRNA	381	1298	1
NA_vRNA	255	345	1
NA_vRNA	1141	1171	2
NA_vRNA	685	867	2
NA_vRNA	429	1077	1
NA_vRNA	780	1000	1
NA_vRNA	509	921	1
NA_vRNA	620	733	2
NA_vRNA	314	1136	2
NA_vRNA	113	152	2
NA_vRNA	316	533	2
NA_vRNA	281	343	1
NA_vRNA	317	1187	1
NA_vRNA	881	1060	1
NA_vRNA	1162	1182	1
NA_vRNA	1073	1093	1
NA_vRNA	513	998	1
NA_vRNA	324	670	1
NA_vRNA	324	453	1
NA_vRNA	331	1258	1
NA_vRNA	372	684	1
NA_vRNA	696	878	1
NA_vRNA	348	472	1
NA_vRNA	752	918	1
NA_vRNA	656	925	1
NA_vRNA	535	934	1
NA_vRNA	500	730	1
NA_vRNA	747	1338	1
NA_vRNA	371	1222	2
NA_vRNA	334	535	1
NA_vRNA	354	873	1
NA_vRNA	529	563	1
NA_vRNA	847	988	1
NA_vRNA	423	1084	1
NA_vRNA	784	882	1
NA_vRNA	1042	1075	1
NA_vRNA	753	776	1
M_vRNA	194	396	172
M_vRNA	216	396	31
M_vRNA	234	729	2
M_vRNA	375	517	6
M_vRNA	375	637	2
M_vRNA	406	429	4
M_vRNA	406	659	2
M_vRNA	201	394	85
M_vRNA	434	659	29
M_vRNA	273	675	5
M_vRNA	273	622	1
M_vRNA	729	799	2
M_vRNA	396	439	10
M_vRNA	426	643	9
M_vRNA	426	658	2
M_vRNA	533	587	2
M_vRNA	593	629	7
M_vRNA	905	954	2
M_vRNA	376	636	2
M_vRNA	241	307	1
M_vRNA	188	390	6
M_vRNA	373	434	3
M_vRNA	439	649	1
M_vRNA	349	627	2
M_vRNA	437	641	2
M_vRNA	467	542	1
M_vRNA	184	495	4
M_vRNA	409	659	2
M_vRNA	594	643	3
M_vRNA	548	607	1
M_vRNA	441	643	1
M_vRNA	190	836	2
M_vRNA	195	327	2
M_vRNA	218	391	1
M_vRNA	579	643	1
M_vRNA	291	382	1
M_vRNA	522	705	2
M_vRNA	516	604	2
M_vRNA	592	625	2
M_vRNA	617	653	2
M_vRNA	582	610	1
M_vRNA	410	663	1
M_vRNA	219	855	2
M_vRNA	99	134	2
M_vRNA	99	403	2
M_vRNA	514	647	2
M_vRNA	425	629	2
M_vRNA	388	535	1
M_vRNA	682	723	2
M_vRNA	600	622	2
M_vRNA	368	644	2
M_vRNA	198	391	2
M_vRNA	471	563	1
M_vRNA	205	391	1
M_vRNA	475	506	1
M_vRNA	567	642	1
M_vRNA	433	637	3
M_vRNA	193	395	1
M_vRNA	391	649	1
M_vRNA	208	638	1
M_vRNA	599	625	1
M_vRNA	474	489	1
M_vRNA	186	396	1
NP_vRNA	343	1075	1
NP_vRNA	234	1409	2
NP_vRNA	234	1387	2
NP_vRNA	312	1311	3
NP_vRNA	330	1368	7
NP_vRNA	1366	1390	2
NP_vRNA	166	355	1
NP_vRNA	379	725	13
NP_vRNA	1414	1469	2
NP_vRNA	400	1311	2
NP_vRNA	815	1006	2
NP_vRNA	239	1386	1
NP_vRNA	378	722	5
NP_vRNA	378	1249	2
NP_vRNA	378	883	4
NP_vRNA	378	720	1
NP_vRNA	568	1172	4
NP_vRNA	568	1138	2
NP_vRNA	210	272	7
NP_vRNA	210	1403	2
NP_vRNA	194	1420	2
NP_vRNA	194	277	1
NP_vRNA	157	1395	2
NP_vRNA	366	579	1
NP_vRNA	516	1143	4
NP_vRNA	938	1119	1
NP_vRNA	938	970	2
NP_vRNA	351	1041	5
NP_vRNA	83	325	11
NP_vRNA	202	1414	57
NP_vRNA	423	1090	10
NP_vRNA	772	823	1
NP_vRNA	291	1360	3
NP_vRNA	723	794	3
NP_vRNA	723	790	1
NP_vRNA	723	792	1
NP_vRNA	433	1369	4
NP_vRNA	1196	1243	2
NP_vRNA	259	1367	1
NP_vRNA	259	307	2
NP_vRNA	262	1353	2
NP_vRNA	262	1369	2
NP_vRNA	958	1099	2
NP_vRNA	893	1205	4
NP_vRNA	1201	1379	1
NP_vRNA	373	719	3
NP_vRNA	373	1257	2
NP_vRNA	505	1024	1
NP_vRNA	692	701	1
NP_vRNA	854	1087	5
NP_vRNA	736	824	2
NP_vRNA	115	246	2
NP_vRNA	448	1096	1
NP_vRNA	499	1175	2
NP_vRNA	357	420	1
NP_vRNA	883	1041	2
NP_vRNA	883	1045	2
NP_vRNA	1092	1117	2
NP_vRNA	267	1394	1
NP_vRNA	952	1025	1
NP_vRNA	405	1217	4
NP_vRNA	405	1123	1
NP_vRNA	248	397	2
NP_vRNA	248	1428	2
NP_vRNA	957	1149	2
NP_vRNA	957	1048	2
NP_vRNA	458	643	2
NP_vRNA	458	1234	2
NP_vRNA	857	891	1
NP_vRNA	179	402	2
NP_vRNA	896	1203	2
NP_vRNA	896	955	1
NP_vRNA	399	425	1
NP_vRNA	374	721	1
NP_vRNA	899	1019	1
NP_vRNA	214	1433	2
NP_vRNA	344	911	5
NP_vRNA	344	884	1
NP_vRNA	756	1126	2
NP_vRNA	340	911	3
NP_vRNA	252	1367	1
NP_vRNA	764	939	2
NP_vRNA	487	604	2
NP_vRNA	906	940	2
NP_vRNA	1109	1167	2
NP_vRNA	280	1404	2
NP_vRNA	222	1403	2
NP_vRNA	249	1359	2
NP_vRNA	249	330	1
NP_vRNA	384	1176	2
NP_vRNA	563	1075	2
NP_vRNA	242	1367	1
NP_vRNA	242	1021	1
NP_vRNA	242	744	1
NP_vRNA	238	1350	2
NP_vRNA	865	878	1
NP_vRNA	768	865	2
NP_vRNA	817	863	2
NP_vRNA	376	1315	2
NP_vRNA	468	1152	2
NP_vRNA	240	1403	1
NP_vRNA	662	799	2
NP_vRNA	548	866	2
NP_vRNA	548	1141	2
NP_vRNA	548	1002	2
NP_vRNA	734	772	1
NP_vRNA	533	1120	2
NP_vRNA	272	1283	1
NP_vRNA	956	1088	2
NP_vRNA	336	1316	2
NP_vRNA	336	1104	1
NP_vRNA	713	1016	2
NP_vRNA	394	706	4
NP_vRNA	432	845	3
NP_vRNA	443	1190	1
NP_vRNA	804	1037	3
NP_vRNA	404	1103	2
NP_vRNA	345	903	2
NP_vRNA	901	939	2
NP_vRNA	810	1149	3
NP_vRNA	556	595	3
NP_vRNA	694	806	2
NP_vRNA	197	1447	2
NP_vRNA	796	847	1
NP_vRNA	520	1180	2
NP_vRNA	348	470	1
NP_vRNA	903	939	1
NP_vRNA	295	1280	4
NP_vRNA	805	1046	4
NP_vRNA	914	1044	5
NP_vRNA	917	1092	2
NP_vRNA	690	772	1
NP_vRNA	982	1033	3
NP_vRNA	773	1048	2
NP_vRNA	439	1223	2
NP_vRNA	536	686	1
NP_vRNA	666	939	1
NP_vRNA	745	800	2
NP_vRNA	758	784	1
NP_vRNA	514	654	2
NP_vRNA	182	1125	2
NP_vRNA	565	1098	1
NP_vRNA	565	1051	1
NP_vRNA	82	1118	2
NP_vRNA	68	678	1
NP_vRNA	276	1308	1
NP_vRNA	1024	1115	2
NP_vRNA	396	493	2
NP_vRNA	390	1197	1
NP_vRNA	188	1176	2
NP_vRNA	261	1431	2
NP_vRNA	317	1294	2
NP_vRNA	317	1258	1
NP_vRNA	555	745	1
NP_vRNA	429	1152	1
NP_vRNA	429	1187	1
NP_vRNA	277	1339	2
NP_vRNA	303	333	1
NP_vRNA	136	547	1
NP_vRNA	661	807	1
NP_vRNA	1393	1423	2
NP_vRNA	602	635	2
NP_vRNA	224	1425	2
NP_vRNA	732	1122	2
NP_vRNA	232	1130	3
NP_vRNA	882	939	2
NP_vRNA	398	1166	1
NP_vRNA	339	815	2
NP_vRNA	783	894	2
NP_vRNA	910	1045	2
NP_vRNA	323	1315	1
NP_vRNA	361	422	1
NP_vRNA	420	812	1
NP_vRNA	715	761	2
NP_vRNA	769	940	2
NP_vRNA	921	1224	2
NP_vRNA	564	1122	1
NP_vRNA	506	1182	2
NP_vRNA	1001	1158	1
NP_vRNA	154	1107	1
NP_vRNA	153	739	1
NP_vRNA	735	1087	2
NP_vRNA	203	1403	2
NP_vRNA	874	1045	1
NP_vRNA	1156	1318	1
NP_vRNA	148	1120	1
NP_vRNA	809	1088	1
NP_vRNA	809	1475	1
NP_vRNA	367	941	1
NP_vRNA	755	939	1
NP_vRNA	629	1052	1
NP_vRNA	1029	1056	1
NP_vRNA	501	1192	2
NP_vRNA	1068	1151	1
NP_vRNA	534	662	1
NP_vRNA	985	1070	2
NP_vRNA	656	939	1
NP_vRNA	577	612	1
NP_vRNA	428	455	1
NP_vRNA	77	976	1
NP_vRNA	535	687	1
NP_vRNA	328	1079	1
NP_vRNA	417	471	1
NP_vRNA	526	943	1
NP_vRNA	380	770	1
NP_vRNA	1229	1243	1
NP_vRNA	728	971	2
NP_vRNA	306	336	1
NP_vRNA	795	1205	1
NP_vRNA	346	807	2
NP_vRNA	389	405	1
NP_vRNA	969	1002	1
NP_vRNA	476	1104	1
NP_vRNA	375	1230	1
NP_vRNA	495	1201	1
NP_vRNA	960	1152	1
NP_vRNA	512	1116	1
NP_vRNA	553	1099	1
NP_vRNA	880	962	1
NP_vRNA	605	700	1
NP_vRNA	984	1035	1
NP_vRNA	660	1046	1
NP_vRNA	703	1021	1
NS_vRNA	223	613	1
NS_vRNA	318	609	7
NS_vRNA	567	728	1
NS_vRNA	188	617	6
NS_vRNA	478	522	2
NS_vRNA	160	684	2
NS_vRNA	699	731	3
NS_vRNA	263	524	1
NS_vRNA	667	721	1
NS_vRNA	201	625	2
NS_vRNA	324	699	1
NS_vRNA	191	233	2
NS_vRNA	307	645	2
NS_vRNA	557	631	1
NS_vRNA	284	614	3
NS_vRNA	391	704	1
NS_vRNA	256	601	2
NS_vRNA	464	516	1
NS_vRNA	360	526	1
NS_vRNA	503	557	1
NS_vRNA	556	626	4
NS_vRNA	768	806	1
NS_vRNA	226	785	2
NS_vRNA	232	769	2
NS_vRNA	713	753	1
NS_vRNA	668	797	1
NS_vRNA	714	727	1
NS_vRNA	63	94	1
NS_vRNA	272	307	1
